Category_ID,Total_Impact,Avg_Beta,A_mean
541,0.000890355420234746,0.008446697800294608,0.1054087
1165,0.000550232138836996,0.05296129233093134,0.010389326
102,0.0005408564345034696,0.5167035530640101,0.0010467442
544,0.00049055944535375,0.010019058249776802,0.04896263
1467,0.0004744337329934252,0.026066569968761694,0.01820085
1317,0.0004105300521466993,0.0314697107006222,0.013045244
358,0.0004083908587341772,0.0026010230168531144,0.15701163
1272,0.00039347506583385286,0.1278454403289623,0.0030777403
1168,0.0003580689843097143,0.05431108716856613,0.006592926
1904,0.000344258226583377,0.05844901918950329,0.005889889
1365,0.00032272974695752866,0.09305083479279636,0.0034683165
1557,0.0003198171711937136,0.015276759056992644,0.020934884
202,0.00031505615238311917,0.08066445733643315,0.0039057618
2425,0.00031090436527031224,0.5378477199108233,0.0005780528
791,0.0003054652480086199,0.9776110007131482,0.00031246094
1813,0.00028381366225159314,0.21626601144136764,0.001312336
681,0.00028377974498027117,0.27110706865032985,0.0010467442
1649,0.0002821826381533909,0.09358521366517829,0.003015248
76,0.00027840053054787434,0.9378874679621599,0.00029683788
1694,0.000274957481141712,0.0715425962227492,0.0038432695
1431,0.00026472007391678857,0.11296135517248805,0.002343457
1323,0.0002584461061404006,0.12074904271473985,0.0021403574
1743,0.000256312129683997,0.5657250450310284,0.00045306838
2528,0.00024755427837085575,0.08754394783148695,0.0028277715
787,0.0002454445960294591,0.18267927478532428,0.0013435821
765,0.00023637881463924195,0.14009384328391306,0.0016872891
2423,0.00023587715039795636,0.11101488459557697,0.0021247345
969,0.00023237592909108805,0.2754429329271721,0.00084364455
144,0.00022471669535980372,0.1692196027073976,0.001327959
1678,0.0002232908413378791,0.28584800958339435,0.00078115234
1158,0.00021776584306731157,0.17643995503813648,0.0012342207
702,0.00021510155504618112,0.11569933339550337,0.0018591426
1052,0.00021403000585548993,0.7210333251330234,0.00029683788
1693,0.00021058339064503436,0.024686852964506643,0.008530184
526,0.00021041438123440529,0.053658180810477886,0.003921385
1489,0.00020957116256602849,0.011534162207195848,0.018169604
2622,0.0002073707249185369,0.11542073913461748,0.0017966505
557,0.00020514755214721798,0.05089567913526619,0.004030746
1723,0.00020354877548437453,1.0857292085958288,0.00018747656
1941,0.00020232484387927512,0.11562864614344578,0.0017497813
1221,0.00020189746260502298,0.4307684354613767,0.0004686914
694,0.00019872371096580038,1.0599923135017215,0.00018747656
2441,0.00019756888979595585,0.1359783775367944,0.0014529434
288,0.00019443136759448215,0.366034197019003,0.0005311836
72,0.00019403380526312357,0.887122541293968,0.00021872266
1772,0.00019395535408342295,0.22572171182155976,0.0008592676
1175,0.00019249300090717848,0.41070307555211294,0.0004686914
335,0.00019246514907601115,0.023645507373342103,0.0081396075
861,0.0001910927469417872,0.94088189488829,0.00020309961
1241,0.00019029868881540032,0.01767872067367866,0.010764279
790,0.00018113263164991117,0.05739573115230647,0.0031558555
1751,0.00018070557733893932,0.3505031045710365,0.00051556056
1119,0.00018034829904108106,0.4122762040006615,0.00043744533
1466,0.00017714463530207889,0.01725825582817752,0.010264342
749,0.0001766398832554253,0.21743011015593353,0.00081239844
129,0.00017658215485060648,0.07199153091931841,0.0024528184
2142,0.00017433588264453265,0.3599642348950036,0.00048431446
1667,0.00017184989522963992,0.4230680066294554,0.00040619922
786,0.00017169830203953406,0.4778288964690389,0.0003593301
1296,0.00016793475566630108,0.14143642476610366,0.0011873515
262,0.0001676620248551347,0.10950725713167768,0.0015310586
485,0.00016764047738836765,0.5109681769832494,0.000328084
525,0.00016604408917233337,0.11941741446594296,0.0013904512
545,0.00016370825431362199,0.04575824460094077,0.0035776778
689,0.00016309211270243556,0.23198221648446846,0.00070303713
766,0.00016101019216915706,0.26425488974502065,0.0006092988
279,0.000158249481589419,0.051944783306252525,0.0030464942
2030,0.00015766224484500788,0.5606469198903539,0.00028121486
2588,0.00015699275865813952,0.14563466990678484,0.0010779903
843,0.0001558997806745848,0.36958641111987156,0.00042182227
710,0.00015583042883300681,0.1881961149530459,0.0008280215
1397,0.00015579244924555585,0.010665201417374865,0.014607549
1675,0.00015402238029426545,0.2738517810368944,0.0005624297
1757,0.00015324640686375257,0.8174163644482791,0.00018747656
38,0.0001520049047500387,0.2316554757020429,0.000656168
1652,0.0001477660998576253,0.0965123754555358,0.0015310586
298,0.00014463107815077553,0.35605946601336075,0.00040619922
1617,0.00014453274224181627,0.3304018426682739,0.00043744533
1159,0.00014288459856504488,0.03531180335207295,0.0040463693
1405,0.00014121921491247583,0.273913921090919,0.00051556056
310,0.00014022042032829494,0.21890801891426392,0.0006405449
909,0.00013976559571843509,0.34408139671520804,0.00040619922
800,0.00013958071203407836,0.2077740040798796,0.00067179103
1283,0.00013918349038157405,0.07680048780833004,0.0018122735
309,0.00013850916580832758,0.6819765191027128,0.00020309961
208,0.0001385002275988489,0.003859435222138058,0.03588614
527,0.00013775392618775153,0.12966695750325938,0.0010623672
2112,0.00013715229464446424,0.4389422132029094,0.00031246094
2483,0.0001369333052259344,0.23688720462830468,0.0005780528
232,0.00013653037416788704,0.037831325637634465,0.0036089239
94,0.00013483780438920516,0.22712364573317836,0.00059367577
747,0.00013425799554276225,0.6610450646180676,0.00020309961
2709,0.00013128696037487407,0.4943185630428748,0.0002655918
658,0.00012803511317432023,0.16725044412863474,0.0007655293
1033,0.00012752824798232447,0.9069808628006139,0.00014060743
2611,0.00012726930083993383,0.5818752327035155,0.00021872266
1366,0.00012662486286738725,0.22513899703105408,0.0005624297
1549,0.00012656975328152091,0.40507384709789385,0.00031246094
678,0.00012645329871537845,1.0117528411813752,0.00012498438
1043,0.00012600307492081184,0.11521720804851075,0.0010936133
122,0.0001239819554765097,0.18455434814459515,0.00067179103
914,0.00012365657700467495,0.9893762708147393,0.00012498438
656,0.00012351043672833821,0.2928020735420837,0.00042182227
646,0.00012217996523118703,0.059698439561678765,0.002046619
4,0.00012204812617520796,0.8680062380918993,0.00014060743
375,0.00011967675469968267,0.4255705224215892,0.00028121486
2020,0.00011838388063966279,0.15464317657686177,0.0007655293
2657,0.00011760366895202018,0.18818939509688168,0.0006249219
1889,0.00011731608114456378,0.4693229817651339,0.00024996875
599,0.00011676793997509642,0.46713014302066846,0.00024996875
980,0.00011669943543016678,0.1131772328842962,0.0010311211
963,0.0001154176587761413,0.820850355865631,0.00014060743
1474,0.00011513899865184008,0.10380023603530909,0.0011092364
1254,0.0001151281540520419,0.6699202539236374,0.00017185352
1391,0.00011253259608071301,0.17149967706589272,0.000656168
2318,0.00011127696751938325,0.6475105498759226,0.00017185352
1867,0.00011087556507571465,0.04795218122616981,0.002312211
1812,0.00010779261089657995,0.5307376528855174,0.00020309961
222,0.00010737958327926106,0.6873152514084806,0.00015623047
807,0.00010718614677091403,0.5717309280249362,0.00018747656
2362,0.00010700026853484857,0.4565915556935501,0.0002343457
644,0.00010628097135478814,0.5669027221767207,0.00018747656
1706,0.00010547473381225484,0.48223047409159514,0.00021872266
1729,0.00010530896811317662,0.6740616575688927,0.00015623047
2608,0.00010519531190766213,0.4809529571673698,0.00021872266
1578,0.00010501585116962392,0.33609273729816225,0.00031246094
2565,0.00010445699769245416,0.8357604370170864,0.00012498438
14,0.00010412277213306132,0.44431270278425355,0.0002343457
2551,0.00010399485622292289,0.20801571078152314,0.0004999375
1196,0.00010384779552235141,0.3498468404648446,0.00029683788
1206,0.00010319591144763938,0.8256704859906768,0.00012498438
1733,0.0001027701458914982,0.18794603683756292,0.00054680667
2633,0.0001026386477537081,0.4379796470967259,0.0002343457
1287,0.0001025646223347128,0.4376637658220081,0.0002343457
1245,0.00010239938642502798,0.05852124826207945,0.0017497813
64,0.00010179967671865748,0.9308562267394045,0.00010936133
2547,0.000101760167553668,0.46524747747070344,0.00021872266
1438,0.00010175679072732356,0.12289148421387239,0.0008280215
1655,0.00010142285403211019,0.021858161208508503,0.004640045
1209,0.00010078446725447024,0.403188260518113,0.00024996875
1727,0.00010055344774954061,0.23837870533669508,0.00042182227
1297,0.00010051047489515988,0.008543790596491846,0.011764155
895,0.00010046706562704568,0.6430696074703598,0.00015623047
562,9.891669180265418e-05,0.08117256160650609,0.0012185976
1367,9.884351033453769e-05,0.051858815628419895,0.0019060117
912,9.882797920937154e-05,0.1471111921999718,0.00067179103
1426,9.87549481181128e-05,0.9030152289297413,0.00010936133
2534,9.835277794519274e-05,0.44966889246820796,0.00021872266
371,9.810538956051462e-05,1.5698824408917555,6.249219e-05
2051,9.751172936749295e-05,0.2972157522193335,0.000328084
2577,9.750288762607791e-05,1.0401608436715561,9.373828e-05
1224,9.749931267829205e-05,0.8915336986798756,0.00010936133
1648,9.747987706128469e-05,0.10399153508136326,0.0009373828
956,9.596153971904329e-05,0.07060122048348594,0.0013592051
1604,9.539036617761128e-05,1.2211493378737035,7.8115234e-05
870,9.475487609647253e-05,0.16847416285460026,0.0005624297
1005,9.468842021675949e-05,0.60608165313418,0.00015623047
834,9.3231024482774e-05,0.0877578129651022,0.0010623672
1854,9.254128245347838e-05,0.5384893030737666,0.00017185352
1844,9.251923223033468e-05,0.592197114372613,0.00015623047
215,9.188106916049738e-05,1.4702808660318538,6.249219e-05
2149,9.186744912583302e-05,0.07350314762346999,0.0012498437
615,9.173767002910055e-05,0.2796164192903508,0.000328084
666,9.133290785165572e-05,0.09429091646781576,0.0009686289
2111,9.076745386748646e-05,0.26408377795852495,0.00034370704
575,8.979939045148757e-05,0.38319196716056414,0.0002343457
2702,8.973869751016527e-05,0.09573324455894847,0.0009373828
2293,8.954715998670708e-05,0.8188192158097378,0.00010936133
1512,8.945838931042081e-05,0.8180074967607539,0.00010936133
483,8.87657853866742e-05,0.0386511592666415,0.002296588
1409,8.868967556382407e-05,0.1493907628071787,0.00059367577
157,8.859865572459522e-05,0.13188424953369987,0.00067179103
235,8.796566896965093e-05,0.24480462550672727,0.0003593301
1863,8.780084201221275e-05,0.7024945356618841,0.00012498438
2641,8.763957281063326e-05,0.9349389973281346,9.373828e-05
888,8.761600098079807e-05,0.4313942331388445,0.00020309961
2204,8.722831763338795e-05,0.1691912147219751,0.00051556056
1930,8.66761713639959e-05,0.5547968495764808,0.00015623047
1615,8.653024016444981e-05,0.1496926308362429,0.0005780528
2429,8.652471044573462e-05,0.1909749482927654,0.00045306838
598,8.640739586742688e-05,0.23044853330294193,0.00037495312
715,8.599349435432355e-05,0.42340550968587537,0.00020309961
2023,8.589614402396466e-05,0.08867807159086634,0.0009686289
1151,8.572796207427256e-05,0.9145459332382795,9.373828e-05
1187,8.553500098824138e-05,0.17109138541551638,0.0004999375
29,8.548542786094784e-05,0.11166839644062197,0.0007655293
1041,8.485087953386462e-05,0.11555606196638553,0.00073428324
1395,8.475785164809054e-05,0.12917096639288933,0.000656168
1247,8.419274579009698e-05,0.21556037552873253,0.00039057617
2470,8.324764981922955e-05,0.14801431536492432,0.0005624297
2065,8.299372535517875e-05,0.40863557003451695,0.00020309961
1305,8.274903501838388e-05,0.07905373344752702,0.0010467442
1699,8.269704694443893e-05,0.6616590713989051,0.00012498438
566,8.263220417745316e-05,0.31112482392334667,0.0002655918
968,8.220343690647255e-05,0.751668213203132,0.00010936133
657,8.202137063194242e-05,0.20192399726460014,0.00040619922
2004,8.18902380336365e-05,0.5824033492327878,0.00014060743
139,8.148203971837445e-05,0.22676096768687018,0.0003593301
2053,8.116182964971086e-05,0.6493757978461289,0.00012498438
165,8.10600617972986e-05,0.2882495680399173,0.00028121486
49,8.02855389655228e-05,0.5138916888422237,0.00015623047
1354,8.00732366672153e-05,0.10459852819574111,0.0007655293
1260,8.001757270243527e-05,0.34145099356575526,0.0002343457
2540,7.80028570183627e-05,0.17831452785374804,0.00043744533
1120,7.78475578017434e-05,1.2457166176775525,6.249219e-05
2031,7.783169214685386e-05,0.38321930665323567,0.00020309961
741,7.739275576627491e-05,0.38105811895718805,0.00020309961
2599,7.669519453456758e-05,1.2272765007097475,6.249219e-05
640,7.655562009708338e-05,0.37693632047287695,0.00020309961
2326,7.637110331933547e-05,0.9776723372404827,7.8115234e-05
2178,7.610413093774254e-05,0.8118788988760243,9.373828e-05
65,7.60069143441868e-05,1.2162626411233082,6.249219e-05
2529,7.489848802165831e-05,0.7990170997714672,9.373828e-05
1774,7.48089750846482e-05,0.9576745960020189,7.8115234e-05
2496,7.45210981006296e-05,0.5962433048185772,0.00012498438
414,7.435599435752381e-05,0.951875717801179,7.8115234e-05
691,7.424670381479072e-05,0.36556792705350905,0.00020309961
2328,7.411035596676502e-05,0.7906093066988532,9.373828e-05
631,7.38353698255135e-05,0.6751506092267322,0.00010936133
2514,7.37633487293735e-05,0.15230466032515866,0.00048431446
1516,7.366634215035248e-05,0.9430470659163299,7.8115234e-05
683,7.359611970384028e-05,0.31404936874192046,0.0002343457
1726,7.331825176232214e-05,0.46929547595463067,0.00015623047
1318,7.213377775629982e-05,0.03228768468288449,0.0022340957
645,7.151874983779917e-05,0.06270920457750495,0.0011404825
1692,7.139638464189195e-05,0.1575841259107948,0.00045306838
907,7.08386904331907e-05,0.5038047458917958,0.00014060743
913,7.061443391618902e-05,0.6456983718153168,0.00010936133
2233,7.040826369982289e-05,0.1669145227876593,0.00042182227
1442,7.027993901236919e-05,0.8996956865744995,7.8115234e-05
2179,6.903681743092425e-05,0.7364847955963858,9.373828e-05
780,6.88834550028264e-05,0.14222878159612443,0.00048431446
2724,6.860717389113252e-05,0.7319013581443418,9.373828e-05
2432,6.809538779088693e-05,0.029450333567951598,0.002312211
1470,6.783990623640157e-05,0.8684593623191227,7.8115234e-05
939,6.757802301481325e-05,0.36046118809482236,0.00018747656
1977,6.724554051876939e-05,0.2690157843560001,0.00024996875
410,6.676217271104742e-05,0.5341641428894515,0.00012498438
2646,6.648730542003631e-05,1.063929859396144,6.249219e-05
1841,6.628155246550593e-05,0.385686323417231,0.00017185352
998,6.603610059909094e-05,0.03740565165230502,0.0017654044
1311,6.571867685410842e-05,0.0978260709078204,0.00067179103
1570,6.553670379131394e-05,0.6991455819078094,9.373828e-05
2538,6.532874477368747e-05,0.2459742471736305,0.0002655918
118,6.518221909432707e-05,0.4172183569353891,0.00015623047
1536,6.493507185449421e-05,0.2597727544813802,0.00024996875
1074,6.455261932629605e-05,0.29513457011405303,0.00021872266
1661,6.454294860886313e-05,0.6885442012292686,9.373828e-05
111,6.452932192792791e-05,0.37549025333921693,0.00017185352
570,6.437185516238143e-05,0.09582124852517321,0.00067179103
1496,6.436675528342537e-05,0.45777634497675024,0.00014060743
1508,6.406163921603467e-05,1.3668191848732811,4.686914e-05
1304,6.392220808811196e-05,0.021421637148396705,0.002984002
369,6.385226914310275e-05,0.042134599774674916,0.0015154355
1843,6.353108477917642e-05,0.4066497761840972,0.00015623047
1455,6.298167622357174e-05,0.17527526184126296,0.0003593301
272,6.235641634060531e-05,0.1663045685321614,0.00037495312
1179,6.214158762686098e-05,0.06520588199856055,0.00095300586
1138,6.210460973690917e-05,0.6625320011810474,9.373828e-05
1141,6.158914490410564e-05,0.7884396143298203,7.8115234e-05
1535,6.121872090329562e-05,0.7836975943392539,7.8115234e-05
2503,6.11223046834464e-05,0.23013625827513937,0.0002655918
2735,6.077371867067286e-05,0.2288237704512226,0.0002655918
1736,6.051320997372224e-05,0.6455549478793716,9.373828e-05
133,6.0507336270924106e-05,0.3520866847264582,0.00017185352
1469,6.031516538668125e-05,0.29697331797113635,0.00020309961
901,6.002658907094555e-05,0.9605454765660486,6.249219e-05
1192,5.9805736349456305e-05,0.20147609102619343,0.00029683788
345,5.941717134770967e-05,0.10278848965382444,0.0005780528
100,5.8888109629561806e-05,0.01786402841591461,0.003296463
1681,5.855331181409826e-05,1.2492935070781772,4.686914e-05
1899,5.843674787199599e-05,0.20780106699007914,0.00028121486
1773,5.84191637055307e-05,0.12894116270943623,0.00045306838
1416,5.8212112678215057e-05,0.5322915485078461,0.00010936133
2122,5.798503823807037e-05,0.16870483097757516,0.00034370704
2170,5.778207881459374e-05,0.7397030760320983,7.8115234e-05
905,5.7571434890426955e-05,0.05849257806657562,0.000984252
2584,5.7223254805659934e-05,0.13081235807201141,0.00043744533
2708,5.719169131080154e-05,0.15253024636814924,0.00037495312
2146,5.685321818658054e-05,0.17328860967824786,0.000328084
1671,5.65550083997119e-05,0.6033288519258451,9.373828e-05
154,5.62954674106422e-05,0.3002800342760148,0.00018747656
983,5.610262441929662e-05,0.11970056203062149,0.0004686914
1012,5.580068469349778e-05,0.007003313960561479,0.007967754
1036,5.561296336914099e-05,0.35596746357474596,0.00015623047
793,5.556863437032384e-05,0.3556837225130261,0.00015623047
1251,5.549848167496266e-05,0.002311221096294167,0.024012623
2659,5.547144705809314e-05,0.7101232919030914,7.8115234e-05
1210,5.53499702332379e-05,0.10122402234786287,0.00054680667
1541,5.523674874492511e-05,0.5892656574083684,9.373828e-05
2476,5.4450921447909425e-05,0.4356618217122591,0.00012498438
1920,5.421493866360473e-05,0.3154717955397665,0.00017185352
2416,5.4014055875368665e-05,0.5762219693934416,9.373828e-05
34,5.3892998128359856e-05,0.6899166196504415,7.8115234e-05
2191,5.3860628583487306e-05,1.1491704139662118,4.686914e-05
359,5.384079927347024e-05,0.8615604684069014,6.249219e-05
1994,5.345687587519661e-05,0.20127456673485236,0.0002655918
180,5.3273376227301066e-05,0.5683203986155697,9.373828e-05
2497,5.303649653237044e-05,0.42434500798361685,0.00012498438
1344,5.299702894030811e-05,0.17853862988165342,0.00029683788
568,5.269350329628375e-05,0.19840033432672088,0.0002655918
1347,5.2685660697576674e-05,0.674460768464737,7.8115234e-05
1056,5.266563629994698e-05,0.4815745694407838,0.00010936133
2138,5.2448689714987234e-05,0.8392839312925772,6.249219e-05
1024,5.238636560282192e-05,1.6765732417030437,3.1246094e-05
393,5.2330172537216755e-05,0.372172171963722,0.00014060743
773,5.2105246611917326e-05,0.8337881547672492,6.249219e-05
1180,5.1497910088028795e-05,0.4708968811560268,0.00010936133
2576,5.139913835351676e-05,0.07477172743011033,0.0006874141
1331,5.124422249519892e-05,0.11310483087327125,0.00045306838
1656,5.0981644878020753e-05,0.20395206996353538,0.00024996875
166,5.090544842097544e-05,0.25064276659886053,0.00020309961
1425,5.0538455241811156e-05,0.35942947907651956,0.00014060743
1679,5.044681589449682e-05,0.4036249732376795,0.00012498438
179,5.043747280761544e-05,0.13451674495381505,0.00037495312
1659,5.043191744073793e-05,1.0760154303184373,4.686914e-05
2042,5.0400346123780555e-05,0.1613012711971993,0.00031246094
479,5.0164957937253775e-05,0.80273965545176,6.249219e-05
249,5.0081769479504654e-05,0.2671361682853034,0.00018747656
1110,5.0055043265695735e-05,0.8009808008806876,6.249219e-05
1562,4.985862915892935e-05,0.2901228268746138,0.00017185352
1002,4.981430414611175e-05,0.2125676032154737,0.0002343457
2255,4.951680475052628e-05,0.6338943413021377,7.8115234e-05
894,4.9513739352634595e-05,0.12189520965780941,0.00040619922
167,4.9362941646485185e-05,0.18586018224952178,0.0002655918
1788,4.9128535651726e-05,0.3930774130344561,0.00012498438
882,4.8881436862880535e-05,0.3128803077885227,0.00015623047
2643,4.87867838018386e-05,0.5204574288502386,9.373828e-05
890,4.870191724161507e-05,0.11133258076004236,0.00043744533
243,4.8613225715054297e-05,0.07236361249962506,0.00067179103
328,4.8409605662441556e-05,0.4426574260095267,0.00010936133
2575,4.832281138323607e-05,0.257753885452747,0.00018747656
1062,4.825852022453768e-05,0.5148219127991291,9.373828e-05
925,4.824702486380102e-05,0.17156641344511367,0.00028121486
1018,4.7891745585904254e-05,0.7663637114716324,6.249219e-05
356,4.770619396766346e-05,1.0178593921456722,4.686914e-05
486,4.767601957040232e-05,0.17950862308299412,0.0002655918
2507,4.765877629711223e-05,0.2773220832170981,0.00017185352
2371,4.7501069392986425e-05,0.3800560555219665,0.00012498438
891,4.7108872963782584e-05,0.6030689610792317,7.8115234e-05
322,4.6840086927414044e-05,1.4990701392981665,3.1246094e-05
2532,4.6459479606447056e-05,0.037172230431094015,0.0012498437
1965,4.639387350178243e-05,0.9898597216498997,4.686914e-05
1768,4.6250959055670064e-05,0.17414301888376396,0.0002655918
1106,4.624136136640513e-05,0.05103132706508604,0.00090613676
1419,4.6209559749828686e-05,0.4225402065557941,0.00010936133
2044,4.609658314564709e-05,0.18440938053872247,0.00024996875
1248,4.530893476595174e-05,0.7250335728059313,6.249219e-05
2517,4.524358385785785e-05,1.44797565515303,3.1246094e-05
2578,4.486334185729469e-05,0.5743225694493179,7.8115234e-05
1215,4.4459826695044766e-05,1.4228922909599866,3.1246094e-05
2667,4.445602643715271e-05,0.25868557317223023,0.00017185352
839,4.4342535099639006e-05,0.567655409517389,7.8115234e-05
37,4.4340337843665376e-05,0.40544804176121846,0.00010936133
2348,4.433792098860243e-05,1.418990820738103,3.1246094e-05
1220,4.426838892175685e-05,0.03219921594270505,0.0013748282
73,4.4128557811002936e-05,0.9415269442835522,4.686914e-05
366,4.40968420082135e-05,0.35281883226594246,0.00012498438
1101,4.387866715208618e-05,0.1170244096234601,0.00037495312
879,4.387398515057501e-05,0.12209938979694261,0.0003593301
336,4.380359117588525e-05,0.7009450647215041,6.249219e-05
97,4.360220317569361e-05,1.3954449078965987,3.1246094e-05
1638,4.3434205167602835e-05,0.6950341498277208,6.249219e-05
368,4.317271630727708e-05,0.30704434590246604,0.00014060743
792,4.307011049290392e-05,0.04519396188151627,0.00095300586
520,4.276372754114027e-05,0.4562034622842923,9.373828e-05
396,4.253704100060548e-05,0.1361355489407576,0.00031246094
2701,4.2224632206443854e-05,0.019727841885689962,0.0021403574
2239,4.2049962922004e-05,0.897178042091362,4.686914e-05
1396,4.2020138870778254e-05,0.26896251065789173,0.00015623047
2685,4.1715145138524235e-05,0.33376287564622126,0.00012498438
132,4.163781852666504e-05,0.19036810279127298,0.00021872266
2527,4.144713452173149e-05,0.18949629553680322,0.00021872266
2141,4.1430388958213085e-05,0.06978622224648376,0.00059367577
292,4.1374981126911804e-05,0.2648329848823029,0.00015623047
822,4.128277364937796e-05,0.6606069427357091,6.249219e-05
2105,4.086440023587947e-05,0.03583080017674516,0.0011404825
1458,4.074390634734703e-05,0.23708508410303583,0.00017185352
62,4.0465128764597515e-05,0.323761494656626,0.00012498438
1258,4.044929124332772e-05,0.6472695572983537,6.249219e-05
674,4.025407425723881e-05,0.3680832482163827,0.00010936133
2167,4.024531432523276e-05,0.040889239506760766,0.000984252
2572,4.0202081098101784e-05,0.25732548621673235,0.00015623047
152,4.0155314621506335e-05,0.16064133585113122,0.00024996875
339,4.002281843611292e-05,0.17078537449682818,0.0002343457
115,3.999822012293778e-05,0.06919475535478282,0.0005780528
937,3.9642869770002946e-05,0.3624943944882225,0.00010936133
1502,3.952019062808306e-05,1.2648041785605049,3.1246094e-05
194,3.9512981840403194e-05,0.0351270394289438,0.0011248594
1795,3.938925467579832e-05,0.6303068521756032,6.249219e-05
1765,3.934561425640907e-05,0.5036868262774841,7.8115234e-05
918,3.924150367383681e-05,0.2511770221075081,0.00015623047
1785,3.907396596641782e-05,0.25010464672683996,0.00015623047
2619,3.895907686645579e-05,0.6234231468830255,6.249219e-05
461,3.8671266133874795e-05,0.3094087997743209,0.00012498438
2168,3.858989593969213e-05,0.41167702511296755,9.373828e-05
732,3.839588846201327e-05,0.3072055030257646,0.00012498438
1945,3.837580635033761e-05,0.3509083667925861,0.00010936133
1987,3.836399475913768e-05,0.1534751607547606,0.00024996875
104,3.833840604794302e-05,0.6134911724632502,6.249219e-05
1150,3.831592432914398e-05,0.49050514742163637,7.8115234e-05
856,3.82425577744134e-05,0.4079716214287075,9.373828e-05
2562,3.820980248902575e-05,0.15285831457929985,0.00024996875
1356,3.820744791143545e-05,0.1746844486278354,0.00021872266
876,3.76645739806418e-05,0.038267207306888526,0.000984252
2010,3.750973465554482e-05,0.2400923147372695,0.00015623047
2689,3.749081440581919e-05,1.1998560220613121,3.1246094e-05
90,3.738564786464985e-05,0.10404262972171088,0.0003593301
1826,3.730554724509613e-05,0.39797559273218813,9.373828e-05
501,3.687210962342093e-05,2.360109988482912,1.5623047e-05
2482,3.6780937831309576e-05,0.1681624446618428,0.00021872266
1013,3.673948549427725e-05,0.3919368457510732,9.373828e-05
70,3.655114172561846e-05,0.155971035319787,0.0002343457
2347,3.632233980384984e-05,0.4649840752147705,7.8115234e-05
385,3.5996016525053704e-05,0.32914756903171655,0.00010936133
25,3.59365235528892e-05,0.03710040356946482,0.0009686289
2134,3.5927794840128025e-05,0.2555184665215442,0.00014060743
2574,3.587832839764952e-05,0.11482500466878422,0.00031246094
641,3.5797721322921704e-05,0.38189010519941363,9.373828e-05
1978,3.564350054263632e-05,0.1342040665710006,0.0002655918
1104,3.562476681866146e-05,0.45605402469588163,7.8115234e-05
438,3.557060896944216e-05,1.1384017673872862,3.1246094e-05
587,3.537786517388455e-05,0.05266200892557049,0.00067179103
41,3.523260902997191e-05,1.127584417344157,3.1246094e-05
1310,3.513836078623845e-05,0.08330134012650486,0.00042182227
352,3.504806528524436e-05,0.24926183018141213,0.00014060743
2495,3.503586445188047e-05,0.280321950969593,0.00012498438
2580,3.497065046325682e-05,0.05739490934071324,0.0006092988
2589,3.495784469461529e-05,1.1187908595713991,3.1246094e-05
468,3.4951394495636934e-05,0.4474337813804002,7.8115234e-05
865,3.493372129451621e-05,0.054537503909781425,0.0006405449
2424,3.4895463772179945e-05,0.5583972102667049,6.249219e-05
804,3.482421152566045e-05,0.06555964945533192,0.0005311836
1299,3.480706188227468e-05,0.048433268619940496,0.0007186602
2598,3.459712047337646e-05,0.08517278857942524,0.00040619922
1613,3.440020854173785e-05,0.24465427320879402,0.00014060743
595,3.429931795872788e-05,0.046711290834194105,0.00073428324
1722,3.379261423520231e-05,0.3604996219963684,9.373828e-05
1807,3.377902582986713e-05,0.015443770118950461,0.0021872267
2098,3.32623696935617e-05,0.7096859460338029,4.686914e-05
2555,3.315238358438191e-05,0.10610089070112215,0.00031246094
965,3.265697088142439e-05,0.05806409186808963,0.0005624297
2184,3.259382198438904e-05,0.6954218115832509,4.686914e-05
1058,3.25841588024477e-05,0.23173852798771558,0.00014060743
2232,3.255318345590647e-05,0.03655551080768087,0.0008905137
318,3.246001858615998e-05,0.010493439000424756,0.0030933633
1014,3.244297866178615e-05,0.07416464785236977,0.00043744533
1320,3.2372016560721294e-05,2.072068032249579,1.5623047e-05
1112,3.2234435900408654e-05,0.6877539498118037,4.686914e-05
1422,3.1996250277498e-05,0.6826720211733966,4.686914e-05
22,3.189054004014847e-05,0.025838604308052345,0.0012342207
1201,3.18816491310555e-05,0.40813612827757245,7.8115234e-05
1688,3.18740326213443e-05,0.510048269078979,6.249219e-05
2123,3.182440620757832e-05,0.07544505852019641,0.00042182227
1955,3.1587442405863186e-05,0.33697484805077443,9.373828e-05
2009,3.153368210545898e-05,1.009203960267378,3.1246094e-05
569,3.149076825568677e-05,0.25195763635544155,0.00012498438
531,3.142911289034348e-05,0.22352384179458445,0.00014060743
1048,3.1411116540254384e-05,0.6701876072937563,4.686914e-05
1478,3.1391119760802964e-05,0.22325363466827053,0.00014060743
1357,3.137493482104651e-05,0.40164937422731023,7.8115234e-05
343,3.12719178576388e-05,0.5004132286476897,6.249219e-05
1672,3.1130619410358754e-05,0.3985217459987091,7.8115234e-05
2256,3.095580032916155e-05,0.02063978063295394,0.0014998125
360,3.095036995639588e-05,0.39621426453932335,7.8115234e-05
603,3.093999133383067e-05,0.0010905324807577515,0.028371453
802,3.08554887888203e-05,0.04593018877801542,0.00067179103
1526,3.076288160196437e-05,0.19690705678485446,0.00015623047
675,3.059388628824754e-05,0.11519137822005608,0.0002655918
919,3.0508212441314035e-05,0.10848719903359201,0.00028121486
2530,3.0473468172381743e-05,0.114737982773706,0.0002655918
275,3.047116827790129e-05,0.08479993418338798,0.0003593301
911,3.0462010618824285e-05,0.2785446199588717,0.00010936133
553,3.0314853421590675e-05,0.48509828356990536,6.249219e-05
1834,3.0291382433365675e-05,0.6462969595054405,4.686914e-05
2182,3.0272324949924103e-05,0.3229451745118451,9.373828e-05
413,3.0258603565335962e-05,0.6455975895512882,4.686914e-05
2061,3.0157395036381105e-05,0.96515726898873,3.1246094e-05
1577,3.0075076416876847e-05,0.6416818541669177,4.686914e-05
1642,3.0023767389119213e-05,0.9608806497735396,3.1246094e-05
687,3.0011104793777806e-05,0.2401188490182426,0.00012498438
590,2.9931673321037453e-05,0.2128740520103697,0.00014060743
1334,2.9729645789872552e-05,0.10571861613355071,0.00028121486
2093,2.9703473776558326e-05,0.31687666996989916,9.373828e-05
87,2.931196475250641e-05,0.04576098202696021,0.0006405449
43,2.9288271786831774e-05,0.37493674815506733,7.8115234e-05
47,2.9229803497509227e-05,0.6236471104921675,4.686914e-05
1488,2.9210186857958997e-05,0.6232285698552416,4.686914e-05
161,2.9179692115697873e-05,0.6225779340102906,4.686914e-05
250,2.910548511392753e-05,0.6209946533619515,4.686914e-05
878,2.90749977092883e-05,0.4652581124977318,6.249219e-05
1026,2.8960211990165528e-05,0.9268426228473406,3.1246094e-05
1780,2.893759338823273e-05,0.1683852231472482,0.00017185352
1093,2.889226927013955e-05,0.0924668205571385,0.00031246094
391,2.8780554477256646e-05,0.9210928638146635,3.1246094e-05
1415,2.871504058024479e-05,0.91899615705851,3.1246094e-05
2136,2.8697768661143e-05,0.10204926121287045,0.00028121486
2683,2.8695166764733593e-05,0.9183601154680466,3.1246094e-05
2243,2.8621415362265537e-05,0.36639991876708017,7.8115234e-05
643,2.832353462525555e-05,0.18129328432115602,0.00015623047
1154,2.8172093786318247e-05,1.803239375794585,1.5623047e-05
2660,2.8123235235037255e-05,0.9000560188249399,3.1246094e-05
2489,2.81077433866791e-05,0.5997068350819219,4.686914e-05
2631,2.8027034636600765e-05,0.597984833126552,4.686914e-05
2604,2.7984430197454708e-05,0.8956137024102286,3.1246094e-05
2038,2.7915360183038972e-05,0.1374466451806671,0.00020309961
2629,2.7900319690397246e-05,1.7858436594945162,1.5623047e-05
1584,2.7851914132787768e-05,0.297124230959493,9.373828e-05
137,2.7830678303842208e-05,0.8906930268160048,3.1246094e-05
2627,2.782618140694339e-05,0.44527455406395844,6.249219e-05
445,2.7664213663265704e-05,0.09837393978974322,0.00028121486
333,2.761503145714351e-05,0.05356311853286624,0.00051556056
2264,2.7583249691037814e-05,0.22069358037655426,0.00012498438
2295,2.7508245093702713e-05,0.8803738743774708,3.1246094e-05
769,2.7479222720309615e-05,0.5862967176482093,4.686914e-05
2459,2.7237400825204537e-05,0.29056860275169605,9.373828e-05
896,2.7006626132225852e-05,0.2160800152908918,0.00012498438
2666,2.6781159836894906e-05,0.857104237860921,3.1246094e-05
992,2.6746285470655935e-05,0.4279940593229196,6.249219e-05
586,2.674345752168791e-05,0.42794880648361555,6.249219e-05
668,2.6649936535392262e-05,0.011448383463003175,0.002327834
2632,2.651263789621782e-05,0.5656736630785201,4.686914e-05
473,2.611433756566752e-05,0.004617476661174487,0.005655543
2288,2.6095891109260868e-05,0.5567819533030935,4.686914e-05
2546,2.602997452442495e-05,0.27768777849850523,9.373828e-05
344,2.573833263821503e-05,0.1372882713706651,0.00018747656
428,2.565085547105034e-05,1.6418599540044643,1.5623047e-05
2620,2.5543563695023936e-05,0.3269984920178903,7.8115234e-05
2656,2.54825106502065e-05,0.3262169153425773,7.8115234e-05
1352,2.534628085436688e-05,0.40559118549381273,6.249219e-05
1332,2.5189629437803435e-05,0.08957431864151874,0.00028121486
177,2.5157543808942704e-05,0.006193400202079051,0.0040619923
621,2.5146425885246803e-05,1.6095724251350823,1.5623047e-05
1668,2.5123239705786578e-05,0.5360294621909114,4.686914e-05
89,2.507259235561291e-05,0.0802423262974644,0.00031246094
2305,2.5053142669384853e-05,0.8018007765325257,3.1246094e-05
1970,2.50524124962671e-05,0.08017774267422766,0.00031246094
2484,2.496925180696077e-05,0.5327439762600307,4.686914e-05
1322,2.4927831891248105e-05,0.3988951651981661,6.249219e-05
995,2.4908334746101893e-05,0.5314442498014675,4.686914e-05
1346,2.4883665867617994e-05,0.15927537190461133,0.00015623047
2066,2.4790457021877714e-05,0.7933937850849995,3.1246094e-05
1253,2.4753571968592e-05,0.05111053708180521,0.00048431446
1858,2.474143355023723e-05,0.158364971267977,0.00015623047
304,2.4320486133942997e-05,0.5189019113484921,4.686914e-05
2661,2.4281751007109843e-05,0.3885565789089914,6.249219e-05
682,2.4202215625055947e-05,0.1549135450983849,0.00015623047
1046,2.4192268272714266e-05,0.019117268317516874,0.0012654668
2716,2.3984260464257827e-05,0.17057605349147617,0.00014060743
2253,2.3916840254926807e-05,0.08504828049109762,0.00028121486
431,2.388837293841182e-05,0.3822617430651359,6.249219e-05
2707,2.3842173682790307e-05,0.08976998935037502,0.0002655918
1877,2.383136807554521e-05,0.7626991025024074,3.1246094e-05
1225,2.3771999012079302e-05,0.7607990549987006,3.1246094e-05
2195,2.374653476290009e-05,0.5066560844429355,4.686914e-05
1463,2.3650982624711622e-05,0.504617383947133,4.686914e-05
2275,2.3638449055469943e-05,0.3782624610975746,6.249219e-05
1823,2.3633884719030962e-05,0.30255154511401633,7.8115234e-05
2306,2.3507349362551926e-05,0.2507764122761663,9.373828e-05
1140,2.3328549678750793e-05,0.1659126385744198,0.00014060743
1664,2.3238566943173625e-05,0.008906910989403452,0.002609049
2019,2.3071185378184835e-05,0.4922468294376386,4.686914e-05
853,2.3049358961357755e-05,0.7376716828574766,3.1246094e-05
665,2.2972814372872306e-05,0.034196369667967665,0.00067179103
1055,2.2940065703577413e-05,0.2936695514151166,7.8115234e-05
274,2.2853297097205503e-05,0.3656984594842808,6.249219e-05
972,2.2806797962856678e-05,0.0442368941181712,0.00051556056
1918,2.27162261394129e-05,0.13218365315423342,0.00017185352
854,2.263963005174813e-05,0.042621100233592626,0.0005311836
2108,2.2566158882407804e-05,0.7222073475588918,3.1246094e-05
1277,2.231914933790697e-05,0.3571510270555334,6.249219e-05
1006,2.2157824772788984e-05,0.2836556157005664,7.8115234e-05
1358,2.2151025712919456e-05,0.23630715104665515,9.373828e-05
2082,2.214017770481916e-05,0.7085742459761434,3.1246094e-05
625,2.213989297720326e-05,0.17714128338838517,0.00012498438
850,2.1937393379851842e-05,0.10029776068200555,0.00021872266
2297,2.183660623976435e-05,0.6988587448262017,3.1246094e-05
1527,2.1828113071773968e-05,0.34929346473916595,6.249219e-05
2244,2.1775463696758685e-05,0.6969019388834077,3.1246094e-05
2028,2.1729278634507992e-05,1.3908476643076504,1.5623047e-05
1893,2.1720201669505828e-05,0.2780533396613128,7.8115234e-05
1392,2.1710351134542734e-05,0.06948180926255555,0.00031246094
439,2.1561174479573363e-05,0.4600292357131043,4.686914e-05
1766,2.1509616410731086e-05,0.11473229817889843,0.00018747656
2208,2.1404704175100968e-05,0.6850361511738579,3.1246094e-05
2501,2.136939808325872e-05,0.13678124618760343,0.00015623047
203,2.1328167448297954e-05,0.4550577975099138,4.686914e-05
395,2.1324582414578944e-05,0.34123596717738763,6.249219e-05
784,2.1314475187146653e-05,0.27285939141324517,7.8115234e-05
1434,2.130700890060612e-05,0.27276381099741603,7.8115234e-05
1908,2.1293824105235002e-05,0.19471072402549996,0.00010936133
497,2.1289735869324916e-05,0.09733667059851396,0.00021872266
2332,2.1283053462630186e-05,1.3622856835580497,1.5623047e-05
2531,2.1186465347332306e-05,0.1695129089356636,0.00012498438
404,2.117053820308263e-05,0.677541903419015,3.1246094e-05
1333,2.104910832478364e-05,0.6736556616010031,3.1246094e-05
409,2.1032372036086133e-05,1.3462400668370047,1.5623047e-05
1001,2.0920353807009856e-05,0.08927133568165892,0.0002343457
988,2.082797513478819e-05,0.2666314122092771,7.8115234e-05
2684,2.073160252131482e-05,0.6634942058852705,3.1246094e-05
126,2.0642233061990476e-05,0.2642536164391058,7.8115234e-05
2289,2.0383432258624895e-05,0.1449669643334851,0.00014060743
1372,2.0333813555224697e-05,0.6507633678376795,3.1246094e-05
2258,2.0285726961793937e-05,1.2984488090086417,1.5623047e-05
910,2.027805203884561e-05,0.6489787762707293,3.1246094e-05
2205,2.0199286323608053e-05,0.0015521199750766453,0.013013998
2055,2.0185366876320973e-05,0.4306750036042698,4.686914e-05
324,2.0100813617210596e-05,0.6433064378350403,3.1246094e-05
96,2.006533285838279e-05,0.4281139577028051,4.686914e-05
1956,2.0008294936744914e-05,0.3201727349954013,6.249219e-05
1962,1.988045927862349e-05,1.272508435191453,1.5623047e-05
2329,1.985746173907451e-05,0.07061313107521178,0.00028121486
2166,1.9838805488866432e-05,0.004083094123013423,0.0048587676
258,1.97756206166113e-05,0.6328989610627915,3.1246094e-05
419,1.9751932105183153e-05,0.15803520848610603,0.00012498438
1972,1.9730550864128868e-05,1.262913097413935,1.5623047e-05
401,1.9484459726564273e-05,0.4157204481038773,4.686914e-05
429,1.940962844372407e-05,1.2423714951660296,1.5623047e-05
2203,1.9363745601139485e-05,0.24788693100893236,7.8115234e-05
1230,1.935839314556005e-05,0.4130306914320745,4.686914e-05
816,1.934478001737882e-05,1.2382206771000732,1.5623047e-05
2330,1.926326952768658e-05,0.3082508384213356,6.249219e-05
976,1.923958982444634e-05,0.6157438316215492,3.1246094e-05
2477,1.911294477211233e-05,0.2446762790471353,7.8115234e-05
2582,1.910692930377606e-05,1.2229963286514807,1.5623047e-05
2471,1.9060401765206025e-05,0.12200182223774204,0.00015623047
516,1.8982451188708084e-05,0.24300575235396632,7.8115234e-05
899,1.896979789110804e-05,0.1349131971201792,0.00014060743
20,1.8774578248279134e-05,0.6008616011649646,3.1246094e-05
209,1.8710153692901527e-05,0.5987997576984101,3.1246094e-05
263,1.8692430668483792e-05,1.1964651000519533,1.5623047e-05
2552,1.8640431888194456e-05,0.1325707462026291,0.00014060743
2455,1.8572115654527355e-05,0.5943819883263189,3.1246094e-05
2417,1.8529183108709735e-05,0.39533866543139107,4.686914e-05
2226,1.850033618306568e-05,0.1973615937015412,9.373828e-05
1127,1.8491306897978083e-05,0.39453053856932707,4.686914e-05
2558,1.8477421017743268e-05,0.06957074929717921,0.0002655918
1039,1.8366751416455598e-05,0.1679455718531671,0.00010936133
2269,1.836378226804255e-05,0.04897620912054689,0.00037495312
80,1.8316830799878043e-05,0.026645992984009298,0.0006874141
1373,1.8276562419198472e-05,0.38994875020060055,4.686914e-05
1796,1.8274986249576037e-05,0.06498584846318578,0.00028121486
626,1.8214890916931404e-05,0.06858227716088884,0.0002655918
1096,1.8189112640566408e-05,0.5821243598898093,3.1246094e-05
1935,1.817896513100754e-05,0.38786641438273123,4.686914e-05
915,1.8101719727674582e-05,0.5793274371107069,3.1246094e-05
2225,1.807046833921611e-05,0.16523635944487916,0.00010936133
897,1.7871275524600526e-05,0.0953253871743976,0.00018747656
99,1.786230189546946e-05,0.16333288551838232,0.00010936133
1532,1.785692997245276e-05,0.28574659289941906,6.249219e-05
2223,1.7783109383593426e-05,0.5691306316772814,3.1246094e-05
83,1.773461905433212e-05,0.18919292307004448,9.373828e-05
938,1.7699548910927658e-05,0.18881879476636634,9.373828e-05
2304,1.762590010557617e-05,0.3760662185636268,4.686914e-05
2206,1.757580066765375e-05,0.006465470342305137,0.0027184102
506,1.7560283600374146e-05,0.10218169261374592,0.00017185352
211,1.753225980091667e-05,0.056110245471371535,0.00031246094
1880,1.751844301086046e-05,0.11213205243105275,0.00015623047
2088,1.7399667509669955e-05,0.1012470821949935,0.00017185352
2156,1.7397712467217415e-05,0.5567963887880194,3.1246094e-05
1983,1.7293299997964206e-05,0.5534547721281181,3.1246094e-05
2438,1.7263865297953123e-05,0.07893039068583164,0.00021872266
1118,1.724354285986013e-05,0.22074494301351388,7.8115234e-05
1451,1.7218790765231782e-05,0.2755350893240436,6.249219e-05
701,1.719383251051477e-05,0.5502714146655768,3.1246094e-05
655,1.714186584484268e-05,0.5486082735004325,3.1246094e-05
2723,1.6941760270287375e-05,0.1807347052489775,9.373828e-05
149,1.6935033284622034e-05,0.13549720106379293,0.00012498438
1389,1.6926148749585952e-05,0.05159090158092907,0.000328084
999,1.686507819059242e-05,0.359833321585063,4.686914e-05
254,1.6786132062449645e-05,0.5372233695494348,3.1246094e-05
1146,1.6580693748265005e-05,1.0612970435084583,1.5623047e-05
2673,1.6435750203448968e-05,1.0520194971087493,1.5623047e-05
2056,1.6434496049460723e-05,0.07513851455169145,0.00021872266
1981,1.6384842308111563e-05,0.26219024613747993,6.249219e-05
159,1.6344878444084615e-05,0.3487343393830103,4.686914e-05
45,1.6300201410236044e-05,1.0433432899685582,1.5623047e-05
636,1.6153187585697605e-05,0.5169666145523094,3.1246094e-05
1325,1.5913754159750205e-05,0.12732594680055684,0.00012498438
1261,1.5825626907650302e-05,0.5064833626311523,3.1246094e-05
1628,1.5820247524226163e-05,0.5063112008443594,3.1246094e-05
1524,1.5763168676254484e-05,0.3363229793174784,4.686914e-05
524,1.576181996257217e-05,0.5044412851645863,3.1246094e-05
1000,1.57518656991125e-05,0.059308552771702536,0.0002655918
1063,1.5739830388595582e-05,0.06716500567604526,0.0002343457
2036,1.569692744311763e-05,0.09133899266517223,0.00017185352
873,1.568092182398919e-05,1.0037044422841723,1.5623047e-05
2000,1.568087214740468e-05,0.5018506312926784,3.1246094e-05
259,1.5676205562436854e-05,0.06689350581203245,0.0002343457
900,1.5662130278499018e-05,0.5012508165213126,3.1246094e-05
2583,1.565137424923444e-05,1.0018131611227106,1.5623047e-05
2658,1.5648922018022126e-05,0.20033124440641992,7.8115234e-05
2078,1.5576478353206615e-05,0.9970192246184817,1.5623047e-05
2675,1.5564659475601968e-05,0.332087586855685,4.686914e-05
2301,1.549180275060421e-05,0.33053311571363153,4.686914e-05
1194,1.5337306693198926e-05,0.4908551625162781,3.1246094e-05
182,1.5309932464368105e-05,0.01088842375164901,0.0014060743
1410,1.5258054845358466e-05,0.3255458702228253,4.686914e-05
1460,1.5208015166152775e-05,0.4867173164922198,3.1246094e-05
697,1.518717979550114e-05,0.08837281748117815,0.00017185352
622,1.5160305469246507e-05,0.06064880191940112,0.00024996875
970,1.5085474380752845e-05,0.32186369329379244,4.686914e-05
397,1.5084086369768054e-05,0.06896444161005949,0.00021872266
206,1.5050042200596633e-05,0.19266462437108653,7.8115234e-05
1576,1.4878691703990928e-05,0.4761776484283636,3.1246094e-05
2639,1.487579702868018e-05,0.9521700144797739,1.5623047e-05
707,1.4805656676997022e-05,0.4738402354287023,3.1246094e-05
1553,1.4791093507013653e-05,0.4733741557374024,3.1246094e-05
1859,1.4755352340589422e-05,0.47223029544924194,3.1246094e-05
1775,1.4636293215625103e-05,0.06691713134709454,0.00021872266
2609,1.4607410019815136e-05,0.0849991899046494,0.00017185352
2189,1.4570708888451928e-05,0.9326419328355652,1.5623047e-05
2458,1.4562649516316984e-05,0.31070870157355496,4.686914e-05
2494,1.4544508680203079e-05,0.31032164867991124,4.686914e-05
237,1.4527949298428992e-05,0.9299049770023556,1.5623047e-05
522,1.4509360852312191e-05,0.9287151677454757,1.5623047e-05
2095,1.4483598366474957e-05,0.23176654063875138,6.249219e-05
2570,1.4365173440998753e-05,0.10216510936152229,0.00014060743
2110,1.4287216744147475e-05,0.0338702282871269,0.00042182227
2174,1.421588011088697e-05,0.02599800072114299,0.00054680667
466,1.4181023413179024e-05,0.15128316336790457,9.373828e-05
1289,1.4149998718969016e-05,0.4528565581781431,3.1246094e-05
1874,1.4147415600031515e-05,0.4527738880398177,3.1246094e-05
2366,1.4110219711738012e-05,0.3010556589059826,4.686914e-05
1008,1.4090277787983246e-05,0.1127363123765878,0.00012498438
944,1.4067402127636312e-05,0.4502131368739396,3.1246094e-05
2209,1.4037904519827214e-05,0.8985381908706689,1.5623047e-05
1910,1.4028061983552505e-05,0.17958164214372224,7.8115234e-05
2320,1.3984640907351042e-05,0.8951288935694955,1.5623047e-05
1064,1.3979084111566248e-05,0.44738660709277467,3.1246094e-05
1376,1.3970743392428729e-05,0.8942393414359662,1.5623047e-05
2602,1.3947281576385442e-05,0.07439480268037575,0.00018747656
1875,1.3928244077933069e-05,0.8915190453186762,1.5623047e-05
1973,1.3810495780829332e-05,0.8839822123313696,1.5623047e-05
2104,1.3792055113200912e-05,0.1765603765273718,7.8115234e-05
2277,1.3718965257868254e-05,0.8781235266283338,1.5623047e-05
2071,1.3654187499780904e-05,0.8739772318962208,1.5623047e-05
1498,1.3576109707813714e-05,0.04344898244160568,0.00031246094
2515,1.354623481618718e-05,0.1445112383646955,9.373828e-05
2350,1.3463627583180788e-05,0.21544496819416686,6.249219e-05
2128,1.3456642199051805e-05,0.4306663761550764,3.1246094e-05
1385,1.3380452665161394e-05,0.14274267431213153,9.373828e-05
1871,1.3195302850912535e-05,0.8446049433448821,1.5623047e-05
2007,1.3184819441050733e-05,0.06491799452354326,0.00020309961
1876,1.312226800605957e-05,0.8399301290040369,1.5623047e-05
1281,1.3068141921208153e-05,0.20911640664279232,6.249219e-05
1917,1.304994616484754e-05,0.8353009526001578,1.5623047e-05
2433,1.3047096578654991e-05,0.8351185562874769,1.5623047e-05
2402,1.3033013137714827e-05,0.4171085517007093,3.1246094e-05
374,1.302252014129138e-05,0.4167727338437841,3.1246094e-05
2356,1.2995284115559596e-05,0.2772673921459689,4.686914e-05
1609,1.2989613191411334e-05,0.05938851041530601,0.00021872266
66,1.298835495251355e-05,0.8313586222882547,1.5623047e-05
1423,1.2956161896425225e-05,0.11847114219490307,0.00010936133
192,1.2926468357762032e-05,0.09193303922526097,0.00014060743
2047,1.2875838074065412e-05,0.4120783209728233,3.1246094e-05
2077,1.2855781315962127e-05,0.2057182122438267,6.249219e-05
337,1.2838392121626183e-05,0.2739199444395803,4.686914e-05
2715,1.2806063153893333e-05,0.8196904888633961,1.5623047e-05
53,1.2797817840792342e-05,0.05851162208845617,0.00021872266
1102,1.2701052579576214e-05,0.2032422430086831,6.249219e-05
1924,1.2694820582172793e-05,0.014510179657684155,0.00087489065
2235,1.2665249612933984e-05,0.03377822196718408,0.00037495312
916,1.2518482281657682e-05,0.08903144236989566,0.00014060743
863,1.248727482173064e-05,0.19982137133386074,6.249219e-05
2073,1.2479044348656119e-05,0.19968966730396184,6.249219e-05
2005,1.247068178348908e-05,0.3991116990728046,3.1246094e-05
1003,1.2468130072699282e-05,0.0725509145267799,0.00017185352
2563,1.2459099146567982e-05,0.1594964070586117,7.8115234e-05
350,1.2435781235901705e-05,0.022110818139093966,0.0005624297
411,1.2424005847268907e-05,0.009940447291791289,0.0012498437
2057,1.2406320672734095e-05,0.2647012676650109,4.686914e-05
1393,1.2400030547968474e-05,0.2645670615580472,4.686914e-05
283,1.2335255811665468e-05,0.13159251386658175,9.373828e-05
2154,1.2270185996169758e-05,0.26179669809839134,4.686914e-05
289,1.2194078520797654e-05,0.26017286894378516,4.686914e-05
1879,1.2130470383702933e-05,0.25881572568053013,4.686914e-05
2364,1.212654835465333e-05,0.07056328158700763,0.00017185352
1926,1.2119013166018225e-05,0.38785689665973966,3.1246094e-05
85,1.2098317032761426e-05,0.7743890752243878,1.5623047e-05
1475,1.209680160609577e-05,0.258097368614931,4.686914e-05
406,1.2073281799708102e-05,0.7727866200300255,1.5623047e-05
278,1.2038861050978574e-05,0.7705834167493535,1.5623047e-05
387,1.200540378696087e-05,0.15368838041838448,7.8115234e-05
1471,1.192879264609166e-05,0.38176907915108355,3.1246094e-05
1355,1.1911188992993486e-05,0.7624113836767088,1.5623047e-05
1070,1.1903258986447317e-05,0.19047594995465622,6.249219e-05
1353,1.1893731038663555e-05,0.06920853880727726,0.00017185352
242,1.1870145998271485e-05,0.08442047490979177,0.00014060743
446,1.1866375586986538e-05,0.7595429671902337,1.5623047e-05
1492,1.1862042841969866e-05,0.037963282726397596,0.00031246094
280,1.1842913443656368e-05,0.015792525661296585,0.00074990623
1017,1.1794221957056935e-05,0.3774622788270503,3.1246094e-05
1752,1.1707980600843535e-05,0.37470221046781715,3.1246094e-05
217,1.1687936489020962e-05,0.7481214374284288,1.5623047e-05
991,1.1633825677066266e-05,0.023270559768222898,0.0004999375
1148,1.155519314877396e-05,0.36981240086067696,3.1246094e-05
223,1.1474424916710096e-05,0.734454988732814,1.5623047e-05
300,1.1474424916710066e-05,0.734454988732812,1.5623047e-05
754,1.1457656823608956e-05,0.7333816966315485,1.5623047e-05
2266,1.143817253298838e-05,0.7321345461597752,1.5623047e-05
170,1.143388292694199e-05,0.24395333515330442,4.686914e-05
1117,1.134977394587877e-05,0.01171736028373968,0.0009686289
866,1.1346962050454506e-05,0.7262963456043666,1.5623047e-05
7,1.1344003370132029e-05,0.24203566485827063,4.686914e-05
1021,1.1296051687536082e-05,0.36151883755030584,3.1246094e-05
1167,1.1270063354719122e-05,0.06011452015776612,0.00018747656
1032,1.1235570458310011e-05,0.7191663925873512,1.5623047e-05
1417,1.1234352666184726e-05,0.3595442220745688,3.1246094e-05
340,1.1182094222759114e-05,0.017041511658969468,0.000656168
1174,1.1164647786179137e-05,0.1020895374730834,0.00010936133
426,1.1164233790855368e-05,0.7146002751852201,1.5623047e-05
1156,1.0999336490967744e-05,0.7040455288332119,1.5623047e-05
2062,1.0974843700735527e-05,0.23415927386067154,4.686914e-05
2539,1.0865957290417389e-05,0.006561398061394336,0.001656043
1960,1.0825322397273617e-05,0.3464536173721494,3.1246094e-05
2542,1.0782294321365547e-05,0.6901530936665848,1.5623047e-05
2267,1.0759250691459438e-05,0.2295593812446024,4.686914e-05
1770,1.0713159542784915e-05,0.11428799023005291,9.373828e-05
2714,1.0711551972074706e-05,0.6856250173814131,1.5623047e-05
1940,1.0670644581745463e-05,0.6830066171459818,1.5623047e-05
402,1.0618351917364574e-05,0.07551771576809155,0.00014060743
1263,1.0613057440590094e-05,0.6793205794216138,1.5623047e-05
2355,1.059032270546806e-05,0.3389326872492848,3.1246094e-05
1599,1.0550760173082675e-05,0.6753330559302522,1.5623047e-05
36,1.053033369283497e-05,0.33701279889246766,3.1246094e-05
1947,1.0528072655242935e-05,0.16847021832275189,6.249219e-05
1029,1.0484068889158365e-05,0.1118440510467612,9.373828e-05
2072,1.0470373095712028e-05,0.33509381994563564,3.1246094e-05
2693,1.0426553849309505e-05,0.6673828575726405,1.5623047e-05
348,1.0426271192971367e-05,0.3336823826528909,3.1246094e-05
1037,1.0399511047488004e-05,0.3328259509583992,3.1246094e-05
957,1.0371779469833281e-05,0.6638768590975037,1.5623047e-05
1259,1.0312961733893385e-05,0.33005602673115547,3.1246094e-05
2345,1.0296433201346208e-05,0.1647635237882389,6.249219e-05
1698,1.019924435390342e-05,0.6528332314171534,1.5623047e-05
1921,1.0183423656662434e-05,0.32591029011499717,3.1246094e-05
462,1.0174513472078314e-05,0.3256251285680857,3.1246094e-05
2595,1.0157646451539086e-05,0.026006825921092706,0.00039057617
517,1.0157306587080748e-05,0.3250744394216253,3.1246094e-05
1647,1.014514239769454e-05,0.32468513670521726,3.1246094e-05
1231,1.0130373201462929e-05,0.3242124633498805,3.1246094e-05
2338,1.010538012724301e-05,0.21560839837042034,4.686914e-05
2377,1.0054175775212743e-05,0.21451590227509007,4.686914e-05
2642,1.0041946467811996e-05,0.6427649083425276,1.5623047e-05
735,1.0038652314744444e-05,0.21418469371028673,4.686914e-05
2444,1.0008137645598137e-05,0.32030043662709967,3.1246094e-05
627,9.995384147382381e-06,0.6397845473418902,1.5623047e-05
86,9.994653702268268e-06,0.3198688965055555,3.1246094e-05
1183,9.975752058096308e-06,0.0041462854591605685,0.0024059492
1968,9.880913285450655e-06,0.6324574964246921,1.5623047e-05
2022,9.820639629613653e-06,0.03928746876680593,0.00024996875
135,9.817218254660126e-06,0.04189203463558138,0.0002343457
394,9.776381821809483e-06,0.6257666465121186,1.5623047e-05
1969,9.720563290472055e-06,0.15554845349119284,6.249219e-05
88,9.704447821177116e-06,0.6211622950080172,1.5623047e-05
1083,9.674893787000087e-06,0.30963530019592744,3.1246094e-05
1266,9.669418511380421e-06,0.1547300347376572,6.249219e-05
1453,9.617906583484807e-06,0.6156229634758839,1.5623047e-05
2481,9.504707939418475e-06,0.3041886723398329,3.1246094e-05
116,9.445742919853356e-06,0.020153437526432668,0.0004686914
1090,9.443090163841297e-06,0.604433314107696,1.5623047e-05
903,9.40968769291069e-06,0.010566583775777764,0.0008905137
2524,9.390423587600258e-06,0.20035408507633073,4.686914e-05
809,9.389159255382581e-06,0.3004906522626748,3.1246094e-05
1278,9.359975495092598e-06,0.5991133104001062,1.5623047e-05
1390,9.2724953549539e-06,0.09891898410575722,9.373828e-05
559,9.104968975794687e-06,0.582790853142576,1.5623047e-05
940,9.098068328118198e-06,0.14558728912172567,6.249219e-05
1670,9.094580691163548e-06,0.29106295991055775,3.1246094e-05
1626,9.065680232018547e-06,0.2901380296177636,3.1246094e-05
757,8.987020421353413e-06,0.19174707480290643,4.686914e-05
2221,8.963823231775184e-06,0.1912521395477572,4.686914e-05
2294,8.902341288499918e-06,0.28491053007890216,3.1246094e-05
745,8.882384708112013e-06,0.1895145671426053,4.686914e-05
2202,8.872629856765586e-06,0.189306437626579,4.686914e-05
123,8.86499132442078e-06,0.18914346189444162,4.686914e-05
1047,8.861703130914826e-06,0.1890733049952034,4.686914e-05
1191,8.846003833700995e-06,0.14155375308939855,6.249219e-05
1051,8.764906530552755e-06,0.056102414925111796,0.00015623047
2015,8.74817366074222e-06,0.5599530986582393,1.5623047e-05
1494,8.715765470670515e-06,0.5578787152319028,1.5623047e-05
1643,8.712735566419498e-06,0.13942119428023914,6.249219e-05
951,8.691687624782503e-06,0.5563375404751063,1.5623047e-05
229,8.657726531861055e-06,0.5541637588433445,1.5623047e-05
1624,8.646172275618675e-06,0.18447473849649929,4.686914e-05
40,8.640526836014625e-06,0.27653142035680434,3.1246094e-05
2613,8.612353390706519e-06,0.27562975741480383,3.1246094e-05
1895,8.595134660680559e-06,0.2750786891800554,3.1246094e-05
434,8.557065566942408e-06,0.054772066456676115,0.00015623047
1803,8.517436587583245e-06,0.09086401687748603,9.373828e-05
1382,8.407340266941523e-06,0.5381370348275274,1.5623047e-05
2124,8.368808907048168e-06,0.03571138213477166,0.0002343457
1383,8.354382932498167e-06,0.014854092250475608,0.0005624297
1444,8.311762250369539e-06,0.10640385790850075,7.8115234e-05
2492,8.221040055053614e-06,0.2631061654433485,3.1246094e-05
650,8.096548801757675e-06,0.5182438947602251,1.5623047e-05
1155,8.024958111468965e-06,0.04669650112979027,0.00017185352
2234,8.013108190382173e-06,0.5129030281170169,1.5623047e-05
436,8.010715234199579e-06,0.05697220443090671,0.00014060743
2242,8.007723949708183e-06,0.5125583936405831,1.5623047e-05
1999,7.951144111889662e-06,0.5089368313880828,1.5623047e-05
231,7.888641307277107e-06,0.5049361518777196,1.5623047e-05
555,7.87186601105161e-06,0.5038623987188711,1.5623047e-05
1801,7.871358459539706e-06,0.2519149556808781,3.1246094e-05
955,7.845167248099462e-06,0.05021534759960717,0.00015623047
2696,7.820101895312793e-06,0.0278082812099111,0.00028121486
2418,7.795493173986731e-06,0.049897393779200896,0.00015623047
979,7.740700248239763e-06,0.247733370294041,3.1246094e-05
1873,7.675804673867501e-06,0.245656452335609,3.1246094e-05
2236,7.638333165050602e-06,0.4889144283392287,1.5623047e-05
2357,7.624840120801814e-06,0.09761015538585228,7.8115234e-05
2519,7.564967731744057e-06,0.04842184649681843,0.00015623047
197,7.5334618442481544e-06,0.04018348696364576,0.00018747656
725,7.512556322682854e-06,0.12021592605689953,6.249219e-05
91,7.45011520699961e-06,0.47686697330221506,1.5623047e-05
378,7.424994589543673e-06,0.2376295264115101,3.1246094e-05
848,7.39822787209501e-06,0.15784859571799156,4.686914e-05
176,7.375630294869119e-06,0.2360496715276194,3.1246094e-05
306,7.374852898976233e-06,0.04720495944911524,0.00015623047
2247,7.36655334778354e-06,0.03627064231155602,0.00020309961
2634,7.328321271408787e-06,0.11726779677177453,6.249219e-05
1975,7.324751539273282e-06,0.07814045231145839,9.373828e-05
2717,7.3092020332232215e-06,0.4678474028915425,1.5623047e-05
2376,7.285567272809607e-06,0.46633458914973963,1.5623047e-05
2391,7.272897868299209e-06,0.2327618229536566,3.1246094e-05
1145,7.211842235126373e-06,0.2308077984731475,3.1246094e-05
1314,7.2031959336975285e-06,0.001557642374063215,0.004624422
162,7.164214072541767e-06,0.041687909878855164,0.00017185352
294,7.15260301895307e-06,0.004162034621441089,0.0017185352
722,7.075588669048683e-06,0.2264471393523291,3.1246094e-05
746,7.068315654312565e-06,0.008700552915967167,0.00081239844
630,7.045761958437529e-06,0.2254925653076661,3.1246094e-05
961,7.016470726417631e-06,0.22455512871980646,3.1246094e-05
1559,6.996858583162287e-06,0.11196373084410208,6.249219e-05
342,6.988865409069964e-06,0.14911443788380424,4.686914e-05
532,6.978154785313423e-06,0.4466577306858759,1.5623047e-05
1130,6.927944023804448e-06,0.22172192013452774,3.1246094e-05
2518,6.919012911006516e-06,0.44287217760212527,1.5623047e-05
1351,6.919012911006489e-06,0.44287217760212355,1.5623047e-05
1958,6.8857165574391635e-06,0.44074094460686286,1.5623047e-05
1464,6.806475346299785e-06,0.1452229633605903,4.686914e-05
2367,6.799476226086994e-06,0.43522087348771415,1.5623047e-05
1123,6.797975364554874e-06,0.025595576317804226,0.0002655918
836,6.761254385973913e-06,0.43277436995020624,1.5623047e-05
478,6.725851150055327e-06,0.2152541398148257,3.1246094e-05
1288,6.668211313795792e-06,0.14227296185396168,4.686914e-05
521,6.666627785041899e-06,0.2133587552443836,3.1246094e-05
1913,6.661056894526693e-06,0.08527218777150972,7.8115234e-05
1856,6.602861340651956e-06,0.14087865477538802,4.686914e-05
1275,6.567319110067986e-06,0.08407219412422288,7.8115234e-05
612,6.537774585270698e-06,0.06974498185560224,9.373828e-05
2653,6.477697636771551e-06,0.10365611739506897,6.249219e-05
2681,6.451291408640199e-06,0.13764475858636022,4.686914e-05
1128,6.421491581334905e-06,0.41102683239043114,1.5623047e-05
1669,6.3978872535167346e-06,0.13650532749049732,4.686914e-05
69,6.368056957918378e-06,0.05095082362762594,0.00012498438
1760,6.3656819187427595e-06,0.407454567513731,1.5623047e-05
332,6.360548996628463e-06,0.02261811131306076,0.00028121486
1607,6.326382518368635e-06,0.1349797024049431,4.686914e-05
826,6.294716202020733e-06,0.06715203492717599,9.373828e-05
1519,6.291174803940182e-06,0.4026855161181225,1.5623047e-05
1611,6.285213902698465e-06,0.4023039707521367,1.5623047e-05
700,6.202213362028629e-06,0.1984956360773028,3.1246094e-05
2308,6.1856786844116335e-06,0.39593292051162204,1.5623047e-05
898,6.1363266886115665e-06,0.3927739979701974,1.5623047e-05
1199,6.092560240445344e-06,0.3899725951610696,1.5623047e-05
2731,6.0780587673619985e-06,0.3890443848736392,1.5623047e-05
960,6.075758364606905e-06,0.388897140694359,1.5623047e-05
857,6.065654633714473e-06,0.38825042108857255,1.5623047e-05
2523,6.065654633714464e-06,0.388250421088572,1.5623047e-05
748,6.044897301851145e-06,0.06448696680158338,9.373828e-05
455,6.044879694834981e-06,0.19346032940159644,3.1246094e-05
1440,5.981731296795452e-06,0.38287865614883104,1.5623047e-05
1441,5.981731296795452e-06,0.38287865614883104,1.5623047e-05
503,5.981011704975497e-06,0.38283259651570317,1.5623047e-05
1569,5.867835313127122e-06,0.009160692862740027,0.0006405449
1136,5.8620377780012184e-06,0.07504346442981735,7.8115234e-05
110,5.856490753185369e-06,0.37486225944801865,1.5623047e-05
1601,5.836640815176773e-06,0.18679585230913776,3.1246094e-05
2070,5.829704899938745e-06,0.12438258834612548,4.686914e-05
597,5.825323317728942e-06,0.37286729424295245,1.5623047e-05
1825,5.825323317728934e-06,0.37286729424295195,1.5623047e-05
2130,5.820040769993978e-06,0.18626458446407396,3.1246094e-05
633,5.802068070708495e-06,0.3713787723943753,1.5623047e-05
1213,5.791221323969246e-06,0.004466078282774059,0.0012967129
1586,5.775697778487678e-06,0.18484543136648776,3.1246094e-05
1900,5.757415982791755e-06,0.005943882027556,0.0009686289
1550,5.745579207198832e-06,0.18388151661271288,3.1246094e-05
2437,5.740830513778379e-06,0.12248636437286473,4.686914e-05
1602,5.714872182768077e-06,0.1828987690046186,3.1246094e-05
1640,5.6688442055875325e-06,0.18142568962561198,3.1246094e-05
2467,5.650118023524105e-06,0.3616527537918884,1.5623047e-05
1038,5.616249263819089e-06,0.1198282987254089,4.686914e-05
719,5.582064088016263e-06,0.3572967574958259,1.5623047e-05
334,5.526651604212446e-06,0.35374991523896293,1.5623047e-05
3,5.512880365809233e-06,0.3528684458128534,1.5623047e-05
1928,5.497212711135512e-06,0.01675550440596016,0.000328084
2451,5.488651184805792e-06,0.3513175843980062,1.5623047e-05
2164,5.473959821656092e-06,0.3503772196272307,1.5623047e-05
2183,5.463344203355491e-06,0.34969773513228175,1.5623047e-05
664,5.453706424566483e-06,0.06981616966347298,7.8115234e-05
2101,5.391204302228737e-06,0.011131619620565128,0.00048431446
1435,5.378787767599549e-06,0.34428544680226036,1.5623047e-05
1590,5.350164075957958e-06,0.06849066190507143,7.8115234e-05
2382,5.3453328829969145e-06,0.34214406655251006,1.5623047e-05
54,5.334696122033023e-06,0.015521055688351939,0.00034370704
451,5.318419396430347e-06,0.3404213881074908,1.5623047e-05
2624,5.290542126532905e-06,0.08465925495478525,6.249219e-05
779,5.283947203760729e-06,0.33821489200310745,1.5623047e-05
2512,5.245849181764103e-06,0.11192544228234941,4.686914e-05
454,5.231086334710896e-06,0.3348313735031203,1.5623047e-05
803,5.220453454934025e-06,0.16707539206780017,3.1246094e-05
2261,5.169620911573746e-06,0.1102990358494056,4.686914e-05
1335,5.149655693920684e-06,0.0329619168732405,0.00015623047
1433,5.08443737261849e-06,0.014792939241359266,0.00034370704
798,5.074588083368459e-06,0.3248142334494147,1.5623047e-05
2450,5.061614553184819e-06,0.32398382373093076,1.5623047e-05
2186,5.058346783735404e-06,0.16188733017219653,3.1246094e-05
245,4.981521508757201e-06,0.318857228152533,1.5623047e-05
2325,4.967010377786085e-06,0.31792839968302333,1.5623047e-05
2126,4.967010377786081e-06,0.3179283996830231,1.5623047e-05
1572,4.962333800127394e-06,0.0794072653251976,6.249219e-05
1964,4.955997978296595e-06,0.31722351801778226,1.5623047e-05
2140,4.926466062250259e-06,0.1576666195694634,3.1246094e-05
504,4.879812850344583e-06,0.31234706035670007,1.5623047e-05
1452,4.842435613356694e-06,0.006199092507870534,0.00078115234
2511,4.812599847218661e-06,0.012321795905342695,0.00039057617
1989,4.809439127998368e-06,0.30784257914495716,1.5623047e-05
1888,4.799356965140458e-06,0.0013837713327792863,0.0034683165
2114,4.773667534344955e-06,0.3055529109825544,1.5623047e-05
467,4.737797527539818e-06,0.3032569435911475,1.5623047e-05
1407,4.678365113453527e-06,0.2994527936372319,1.5623047e-05
2299,4.634655577081576e-06,0.29665503363822515,1.5623047e-05
997,4.598466497050312e-06,0.2943386430077975,1.5623047e-05
323,4.579395142297727e-06,0.14655896186750725,3.1246094e-05
2566,4.563019447529805e-06,0.29206974826621596,1.5623047e-05
2610,4.553413427556054e-06,0.029145489292766582,0.00015623047
131,4.5158969520592e-06,0.01700314856721157,0.0002655918
1753,4.509721599205275e-06,0.288658259596865,1.5623047e-05
867,4.4998156826572455e-06,0.144012100845806,3.1246094e-05
1591,4.487507847099398e-06,0.009904703230421892,0.00045306838
459,4.48147805782179e-06,0.2868504470032792,1.5623047e-05
1134,4.415169280828768e-06,0.2826061548132302,1.5623047e-05
2505,4.382192520832862e-06,0.14024768918162586,3.1246094e-05
201,4.360994180730369e-06,0.27913851501243947,1.5623047e-05
2682,4.354519612265783e-06,0.27872409083491206,1.5623047e-05
2487,4.348270822148477e-06,0.2783241182778111,1.5623047e-05
2361,4.297494315317309e-06,0.011461417762920208,0.00037495312
2692,4.259276471811513e-06,0.2726277679118043,1.5623047e-05
1556,4.2548664632792275e-06,0.13617274604309162,3.1246094e-05
184,4.227262356157831e-06,0.2705786084007708,1.5623047e-05
2447,4.208225509392411e-06,0.26936009791522625,1.5623047e-05
1152,4.206657527748935e-06,0.26925973454637325,1.5623047e-05
425,4.159705896082994e-06,0.06656361362804157,6.249219e-05
1596,4.13096787731527e-06,0.26441499141022773,1.5623047e-05
1603,4.102448002751012e-06,0.010503579895883667,0.00039057617
355,4.076237559393069e-06,0.2609118132270357,1.5623047e-05
2738,4.076237559393033e-06,0.26091181322703344,1.5623047e-05
1881,4.0687328682148405e-06,0.06510786323874336,6.249219e-05
1797,4.064178080096844e-06,0.13006995503882351,3.1246094e-05
610,4.057222354491665e-06,0.05193893880823293,7.8115234e-05
1031,4.0557516238381736e-06,0.2596005494664232,1.5623047e-05
10,4.043798446768625e-06,0.25883545050994716,1.5623047e-05
1565,4.038533802765493e-06,0.05169969543931934,7.8115234e-05
205,4.03755296917076e-06,0.25843568998059024,1.5623047e-05
889,4.033997141894478e-06,0.025820809460133116,0.00015623047
1507,3.981478710781477e-06,0.06371162221403442,6.249219e-05
1212,3.953722037886112e-06,0.0011825693432958415,0.003343332
2216,3.94912800435118e-06,0.08425859821764393,4.686914e-05
500,3.899060839156989e-06,0.04159518257077285,9.373828e-05
1364,3.892860717736614e-06,0.12458711418381996,3.1246094e-05
496,3.892500998765426e-06,0.24915120347577394,1.5623047e-05
2280,3.877765884507147e-06,0.06205200957101142,6.249219e-05
127,3.8613480076797e-06,0.027461905914869696,0.00014060743
2129,3.831318619543488e-06,0.2452350417536596,1.5623047e-05
1564,3.815080967928148e-06,0.011099804525738994,0.00034370704
1493,3.792915190712897e-06,0.014280994711608192,0.0002655918
782,3.7867025612351037e-06,0.2423792570986512,1.5623047e-05
51,3.779296044234478e-06,0.2419051807593375,1.5623047e-05
418,3.757163963524546e-06,0.240488550539833,1.5623047e-05
2181,3.744806868641382e-06,0.2396975976119902,1.5623047e-05
973,3.7101515510908377e-06,0.23747938005024985,1.5623047e-05
1341,3.708625069024146e-06,0.1186908364931514,3.1246094e-05
1830,3.706221548017967e-06,0.23722782841401913,1.5623047e-05
1574,3.6677418147081834e-06,0.2347648176488067,1.5623047e-05
2102,3.6615059673652454e-06,0.23436567353280596,1.5623047e-05
2068,3.6466212027953754e-06,0.23341292952395074,1.5623047e-05
2060,3.634204568763805e-06,0.005056916515794395,0.0007186602
2063,3.5938688703810276e-06,0.23003635823691512,1.5623047e-05
357,3.586084103305047e-06,0.22953807086682212,1.5623047e-05
948,3.573095255935408e-06,0.2287066807258986,1.5623047e-05
2378,3.5727744725805793e-06,0.22868614802496004,1.5623047e-05
114,3.5661339892421434e-06,0.003681630750647055,0.0009686289
477,3.5565659685607483e-06,0.11382433705077293,3.1246094e-05
1020,3.542423252767509e-06,0.22674342715069884,1.5623047e-05
1539,3.5353676438748873e-06,0.2262918117375214,1.5623047e-05
2460,3.5246427274195187e-06,0.22560533128629484,1.5623047e-05
267,3.5039638617460356e-06,0.11214085922733709,3.1246094e-05
2213,3.5029817191452408e-06,0.11210942673559843,3.1246094e-05
2421,3.494462130777055e-06,0.22367353165991796,1.5623047e-05
2679,3.4685240825702876e-06,0.015858091812900564,0.00021872266
1824,3.4531903436828323e-06,0.22103180711639622,1.5623047e-05
27,3.4082873113812617e-06,0.21815765383006533,1.5623047e-05
74,3.4005011311038825e-06,0.2176592760037774,1.5623047e-05
408,3.3858949088911293e-06,0.018060364112095644,0.00018747656
1814,3.3762363852393827e-06,0.07203538218012602,4.686914e-05
2133,3.374065141475379e-06,0.21596716118271408,1.5623047e-05
2252,3.3679208298837476e-06,0.10778693804353616,3.1246094e-05
2283,3.3528909567292233e-06,0.21461184396794744,1.5623047e-05
317,3.3482589598422185e-06,0.10715767955587167,3.1246094e-05
1503,3.3414029848996796e-06,0.016452040291071425,0.00020309961
271,3.3374882876934847e-06,0.030517992339556464,0.00010936133
1853,3.326698511707052e-06,0.05323382948750447,6.249219e-05
1237,3.273752515183166e-06,0.052386587652670374,6.249219e-05
1998,3.1866448873439195e-06,0.10198538278904447,3.1246094e-05
199,3.1271813385862893e-06,0.20016462275613386,1.5623047e-05
296,3.0767804771790705e-06,0.09846928221252439,3.1246094e-05
2087,3.055148632291839e-06,0.09777697665001273,3.1246094e-05
1418,3.0532379313694795e-06,0.19543165315560954,1.5623047e-05
1755,3.0368665299360312e-06,0.017671250039736554,0.00017185352
1143,3.0221408239227634e-06,0.19344118950578076,1.5623047e-05
797,3.0188330151055854e-06,0.09661473163969798,3.1246094e-05
475,3.0038835152973913e-06,0.09613628784870683,3.1246094e-05
929,2.997846054204403e-06,0.06396204577852316,4.686914e-05
313,2.9938449448659455e-06,0.19163002688240646,1.5623047e-05
2737,2.9679929410441346e-06,0.09498764591239496,3.1246094e-05
509,2.967992941044019e-06,0.09498764591239126,3.1246094e-05
476,2.953597114671559e-06,0.0945269218860051,3.1246094e-05
2040,2.878581813555666e-06,0.18425226438691816,1.5623047e-05
427,2.871153808093174e-06,0.04594420315353495,6.249219e-05
2160,2.8698786635242164e-06,0.018369519743824017,0.00015623047
1745,2.8403592908294433e-06,0.18180571715670835,1.5623047e-05
731,2.8338710260658155e-06,0.09069520815323674,3.1246094e-05
2050,2.8209325754796007e-06,0.18056225196285747,1.5623047e-05
24,2.8169761841436173e-06,0.18030901126668447,1.5623047e-05
1088,2.8078558433103654e-06,0.17972523649169156,1.5623047e-05
241,2.797534886023731e-06,0.17906461265889034,1.5623047e-05
98,2.7537282988050023e-06,0.17626064062929434,1.5623047e-05
2131,2.746558625212338e-06,0.17580172416280984,1.5623047e-05
1632,2.6994632468982306e-06,0.08639362159658188,3.1246094e-05
1846,2.6987950028424215e-06,0.17274447022771736,1.5623047e-05
1238,2.6829477617805228e-06,0.17173012002367244,1.5623047e-05
2353,2.675878763094355e-06,0.034255530308991665,7.8115234e-05
107,2.6648891081727265e-06,0.042643555431411795,6.249219e-05
220,2.659234159668724e-06,0.03404245274920397,7.8115234e-05
1644,2.629735123464313e-06,0.16832408547652403,1.5623047e-05
823,2.597632640260674e-06,0.16626926973536318,1.5623047e-05
1761,2.580483840774983e-06,0.023595943804658136,0.00010936133
2099,2.561289616151176e-06,0.16394302545239384,1.5623047e-05
2408,2.5511283244543437e-06,0.16329262149464607,1.5623047e-05
1595,2.4988532517106817e-06,0.07997329932227808,3.1246094e-05
523,2.4663156327195832e-06,0.15786393073196225,1.5623047e-05
2553,2.4653645629695555e-06,0.15780305465951322,1.5623047e-05
1491,2.4430315103569595e-06,0.1563735606304864,1.5623047e-05
2389,2.4304228480732386e-06,0.15556650537649802,1.5623047e-05
1483,2.425904306536879e-06,0.1552772825703648,1.5623047e-05
106,2.4203932311364043e-06,0.1549245296567729,1.5623047e-05
31,2.3767442221834014e-06,0.004610019463229066,0.00051556056
2373,2.2793332959871573e-06,0.005611367948108662,0.00040619922
927,2.2610864730105555e-06,0.14472762270120162,1.5623047e-05
1445,2.246129104454723e-06,0.14377023145642137,1.5623047e-05
2327,2.209150883614351e-06,0.07070166475058812,3.1246094e-05
1953,2.203013018068984e-06,0.03525261425101575,6.249219e-05
2096,2.188275560450249e-06,0.1400671418185189,1.5623047e-05
2262,2.1836862300074325e-06,0.13977338795606942,1.5623047e-05
1633,2.1510385117435847e-06,0.13768367280923824,1.5623047e-05
2176,2.132142853406759e-06,0.06823709975630736,3.1246094e-05
2488,2.1233477704009265e-06,0.06795562192030069,3.1246094e-05
1472,2.1006230275354943e-06,0.13445667850191664,1.5623047e-05
2059,2.0992583429208322e-06,0.13436932776926025,1.5623047e-05
1430,2.0858892759510854e-06,0.13351360053221725,1.5623047e-05
2448,2.0622445333697943e-06,0.014666682525434105,0.00014060743
1195,2.0595574580300296e-06,0.043942719550012464,4.686914e-05
984,2.0588999469305583e-06,0.026357214126436167,7.8115234e-05
1108,2.0223544898664955e-06,0.014382984547564995,0.00014060743
1477,2.0155722652630676e-06,0.1290127493202856,1.5623047e-05
2493,1.9960508279432752e-06,0.06388161058129661,3.1246094e-05
2132,1.9429804721646308e-06,0.12436629383609271,1.5623047e-05
2614,1.9323842790634823e-06,0.011244368309102522,0.00017185352
1974,1.9306181535302035e-06,0.12357500654637964,1.5623047e-05
1963,1.930618153530203e-06,0.12357500654637962,1.5623047e-05
1381,1.8961557263512883e-06,0.020228190036975884,9.373828e-05
121,1.8843568485671884e-06,0.060306956471846584,3.1246094e-05
1437,1.8798794420299985e-06,0.030081830776645505,6.249219e-05
2273,1.8573184376808051e-06,0.05944161917141281,3.1246094e-05
1125,1.8382276081329749e-06,0.039220425697926685,4.686914e-05
2263,1.8215787271818312e-06,0.05829780547868423,3.1246094e-05
130,1.8068814402688754e-06,0.0578274335091776,3.1246094e-05
2669,1.8064947999093492e-06,0.11563011894226767,1.5623047e-05
2006,1.8013782252868317e-06,0.05765130861721264,3.1246094e-05
2375,1.7909398486063403e-06,0.022926896058090267,7.8115234e-05
789,1.7658594010586478e-06,0.11302912833736314,1.5623047e-05
2474,1.7579708365208097e-06,0.11252419709934366,1.5623047e-05
2479,1.7579708365208092e-06,0.11252419709934364,1.5623047e-05
2259,1.7567724151279533e-06,0.05622374427148462,3.1246094e-05
1653,1.719229595253379e-06,0.012227160384665377,0.00014060743
815,1.7113356776215644e-06,0.021907835280935397,7.8115234e-05
2210,1.7107194416549052e-06,0.05474986491113416,3.1246094e-05
227,1.7064732841090374e-06,0.015603991421970864,0.00010936133
2324,1.6959961978136453e-06,0.05427866221609559,3.1246094e-05
2520,1.6718514835663594e-06,0.10701186956546208,1.5623047e-05
1116,1.6651918944314654e-06,0.10658560258489116,1.5623047e-05
1022,1.6212533576019244e-06,0.05188659236231083,3.1246094e-05
1044,1.5464499099013771e-06,0.09898516565291438,1.5623047e-05
2504,1.5430348936690357e-06,0.04938328864715614,3.1246094e-05
1229,1.5119340122818964e-06,0.032258625279324334,4.686914e-05
1228,1.5032938576539674e-06,0.04811141653284341,3.1246094e-05
1529,1.4933330580180651e-06,0.09558526220375173,1.5623047e-05
1915,1.481250377029104e-06,0.0948118739604171,1.5623047e-05
2388,1.4569076666197885e-06,0.09325374575537185,1.5623047e-05
1449,1.4293825569457765e-06,0.04574595926928122,3.1246094e-05
1816,1.4100904050518095e-06,0.04512853324118979,3.1246094e-05
1521,1.3906864118432217e-06,0.029671686380671396,4.686914e-05
2025,1.3889008428236672e-06,0.08890076498574774,1.5623047e-05
508,1.3513580626615937e-06,0.08649772671750484,1.5623047e-05
1949,1.3299117420254593e-06,0.08512499062872414,1.5623047e-05
30,1.297423975735993e-06,0.08304551368785053,1.5623047e-05
578,1.2827535551220208e-06,0.04105324470344974,3.1246094e-05
1950,1.278531313402787e-06,0.04091811607971317,3.1246094e-05
377,1.2637592566232207e-06,0.08089070235079977,1.5623047e-05
2725,1.261431984859924e-06,0.08074173834004565,1.5623047e-05
2398,1.2601266989322844e-06,0.013443032121480387,9.373828e-05
491,1.254512767542187e-06,0.08029885307877754,1.5623047e-05
770,1.2511618020441917e-06,0.08008436447957201,1.5623047e-05
1111,1.214604309960908e-06,0.07774439253056156,1.5623047e-05
2228,1.1787148111064582e-06,0.03772358874603228,3.1246094e-05
744,1.1595184643383769e-06,0.07421845773036824,1.5623047e-05
1887,1.117204420063809e-06,0.07151002038936831,1.5623047e-05
624,1.0939716844329294e-06,0.07002293944981196,1.5623047e-05
1883,1.0935488654464373e-06,0.008749484456521725,0.00012498438
1614,1.083242151216051e-06,0.034668081744457624,3.1246094e-05
2171,1.083223793121517e-06,0.06933498842400244,1.5623047e-05
2586,1.0644676794858305e-06,0.02271148324962944,4.686914e-05
1817,1.0637832773786183e-06,0.06809063989459445,1.5623047e-05
2316,1.0218008663612645e-06,0.03270171486754184,3.1246094e-05
400,9.971355338050343e-07,0.06382465113169628,1.5623047e-05
253,9.952521678374304e-07,0.06370410064306116,1.5623047e-05
2638,9.850399086079876e-07,0.063050434355492,1.5623047e-05
1428,9.308024183465302e-07,0.004582984739903679,0.00020309961
1907,8.57164452106473e-07,0.002286057678331451,0.00037495312
2387,8.292869605020949e-07,0.02654049983563216,3.1246094e-05
2594,8.06804752745087e-07,0.025820979259885676,3.1246094e-05
1554,8.0264257712864e-07,0.025687772991699206,3.1246094e-05
2728,7.419982352610337e-07,0.04749382295619749,1.5623047e-05
1124,7.419982352610333e-07,0.04749382295619746,1.5623047e-05
1842,7.419982352610333e-07,0.04749382295619746,1.5623047e-05
331,7.419982352610146e-07,0.04749382295619626,1.5623047e-05
835,7.257670246803613e-07,0.023227447815619803,3.1246094e-05
935,7.257670246803603e-07,0.023227447815619768,3.1246094e-05
48,7.257670246801545e-07,0.023227447815613183,3.1246094e-05
386,7.128451357356288e-07,0.04562779136516966,1.5623047e-05
329,7.058392554985134e-07,0.022589679491884035,3.1246094e-05
1360,7.043647910481964e-07,0.009016996502650323,7.8115234e-05
84,7.030103329780089e-07,0.04499828531140499,1.5623047e-05
993,6.930903121567058e-07,0.006337617697420283,0.00010936133
1342,6.392635827078717e-07,0.04091798332753607,1.5623047e-05
2691,6.011246282321962e-07,0.03847678513389755,1.5623047e-05
2091,5.813526662354074e-07,0.01860561069635457,3.1246094e-05
827,5.736615866948751e-07,0.012239644066478143,4.686914e-05
1608,5.712160290586219e-07,0.018281197760738832,3.1246094e-05
1015,5.617373083402132e-07,0.035955681566837365,1.5623047e-05
2085,5.183575566554476e-07,0.004739861410598303,0.00010936133
175,4.702559334272558e-07,0.015050070866029976,3.1246094e-05
2317,4.553946817954586e-07,0.029148902739342168,1.5623047e-05
2265,4.553946817954583e-07,0.02914890273934215,1.5623047e-05
2705,4.2496969431756057e-07,0.02720146014439925,1.5623047e-05
801,4.0410543298814475e-07,0.025865980507655224,1.5623047e-05
768,3.824224890491281e-07,0.008159366528175067,4.686914e-05
484,3.779964841321325e-07,0.024194798912319456,1.5623047e-05
924,3.755118874627018e-07,0.024035764848991812,1.5623047e-05
546,3.599180182672508e-07,0.0005357588932317824,0.00067179103
581,3.553447911513496e-07,0.0020677190099907795,0.00017185352
1528,3.521952657783814e-07,0.011271657265468294,3.1246094e-05
312,2.5157892953587186e-07,0.016103064092440784,1.5623047e-05
388,2.2686885873806902e-07,0.01452142188369201,1.5623047e-05
319,1.8151790467882848e-07,0.011618598021548347,1.5623047e-05
173,1.8144175617004102e-07,0.011613723907806746,1.5623047e-05
2115,1.766268248306058e-07,0.011305529783192778,1.5623047e-05
1240,1.766268248306033e-07,0.011305529783192617,1.5623047e-05
1673,1.682544853676976e-07,0.010769633079825739,1.5623047e-05
117,1.6825448536768422e-07,0.010769633079824883,1.5623047e-05
833,1.5300467944800453e-07,0.0013990747630570658,0.00010936133
1484,1.3969728173155406e-07,0.002980581313279027,4.686914e-05
928,1.1970548933734397e-07,0.0025540364149778515,4.686914e-05
1651,1.0572862212324706e-07,0.0008459347040693535,0.00012498438
1588,8.193561455457626e-08,0.005244534806869564,1.5623047e-05
941,2.7755163001158124e-08,0.0008882762350732995,3.1246094e-05
1479,6.9001607304629995e-09,8.833309950334049e-05,7.8115234e-05
1462,0.0,0.0,0.0
2415,0.0,0.0,0.0
257,0.0,0.0,0.0
1809,0.0,0.0,0.0
628,0.0,0.0,0.0
1379,0.0,0.0,0.0
2625,0.0,0.0,0.0
1363,0.0,0.0,0.0
1456,0.0,0.0,0.0
1810,0.0,0.0,0.0
2430,0.0,0.0,0.0
260,0.0,0.0,0.0
1361,0.0,0.0,0.0
1802,0.0,0.0,0.0
95,0.0,0.0,0.0
2312,0.0,0.0,0.0
264,0.0,0.0,0.0
2319,0.0,0.0,0.0
2606,0.0,0.0,0.0
1408,0.0,0.0,0.0
673,0.0,0.0,0.0
305,0.0,0.0,0.0
270,0.0,0.0,0.0
188,0.0,0.0,0.0
1914,0.0,0.0,0.0
2445,0.0,0.0,0.0
2074,0.0,0.0,0.0
1627,0.0,0.0,0.0
967,0.0,0.0,0.0
971,0.0,0.0,0.0
460,0.0,0.0,0.0
564,0.0,0.0,0.0
456,0.0,0.0,0.0
452,0.0,0.0,0.0
783,0.0,0.0,0.0
1857,0.0,0.0,0.0
2522,0.0,0.0,0.0
447,0.0,0.0,0.0
775,0.0,0.0,0.0
2212,0.0,0.0,0.0
1057,0.0,0.0,0.0
1598,0.0,0.0,0.0
2097,0.0,0.0,0.0
764,0.0,0.0,0.0
2513,0.0,0.0,0.0
2358,0.0,0.0,0.0
2509,0.0,0.0,0.0
1092,0.0,0.0,0.0
1099,0.0,0.0,0.0
1582,0.0,0.0,0.0
959,0.0,0.0,0.0
1629,0.0,0.0,0.0
946,0.0,0.0,0.0
881,0.0,0.0,0.0
187,0.0,0.0,0.0
1696,0.0,0.0,0.0
2655,0.0,0.0,0.0
2559,0.0,0.0,0.0
2372,0.0,0.0,0.0
528,0.0,0.0,0.0
818,0.0,0.0,0.0
2554,0.0,0.0,0.0
817,0.0,0.0,0.0
877,0.0,0.0,0.0
514,0.0,0.0,0.0
1721,0.0,0.0,0.0
2549,0.0,0.0,0.0
1710,0.0,0.0,0.0
2285,0.0,0.0,0.0
1866,0.0,0.0,0.0
2161,0.0,0.0,0.0
923,0.0,0.0,0.0
1639,0.0,0.0,0.0
1634,0.0,0.0,0.0
2158,0.0,0.0,0.0
2668,0.0,0.0,0.0
2219,0.0,0.0,0.0
2298,0.0,0.0,0.0
1575,0.0,0.0,0.0
1836,0.0,0.0,0.0
1227,0.0,0.0,0.0
9,0.0,0.0,0.0
349,0.0,0.0,0.0
588,0.0,0.0,0.0
2027,0.0,0.0,0.0
341,0.0,0.0,0.0
2335,0.0,0.0,0.0
238,0.0,0.0,0.0
2272,0.0,0.0,0.0
1267,0.0,0.0,0.0
1543,0.0,0.0,0.0
6,0.0,0.0,0.0
1835,0.0,0.0,0.0
1937,0.0,0.0,0.0
1280,0.0,0.0,0.0
2603,0.0,0.0,0.0
240,0.0,0.0,0.0
1790,0.0,0.0,0.0
2337,0.0,0.0,0.0
2453,0.0,0.0,0.0
2472,0.0,0.0,0.0
1522,0.0,0.0,0.0
228,0.0,0.0,0.0
723,0.0,0.0,0.0
2227,0.0,0.0,0.0
1764,0.0,0.0,0.0
1157,0.0,0.0,0.0
728,0.0,0.0,0.0
68,0.0,0.0,0.0
724,0.0,0.0,0.0
1135,0.0,0.0,0.0
2054,0.0,0.0,0.0
2718,-5.9489600107301356e-08,-0.0009519525791854447,6.249219e-05
1279,-7.889157496510997e-08,-0.005049691921181423,1.5623047e-05
709,-1.0047481765426814e-07,-0.0001398085207377661,0.0007186602
2016,-1.33235864945722e-07,-0.001705632285303938,7.8115234e-05
1849,-1.8688497542688513e-07,-0.0029905333713412673,6.249219e-05
2406,-1.964254995434687e-07,-0.012572803351908548,1.5623047e-05
2688,-2.1992834378351875e-07,-0.014077173403289239,1.5623047e-05
842,-2.2811832803961425e-07,-0.01460139791459984,1.5623047e-05
60,-2.2811832803962717e-07,-0.014601397914600668,1.5623047e-05
2393,-2.3457143682601516e-07,-0.015014448501048456,1.5623047e-05
1500,-2.5013497807448806e-07,-0.016010639647468648,1.5623047e-05
55,-2.629402359941086e-07,-0.016830278594896803,1.5623047e-05
2309,-3.1605983534655487e-07,-0.020230357904063478,1.5623047e-05
2201,-3.478138223267137e-07,-0.022262867098992372,1.5623047e-05
2648,-3.6337496218137236e-07,-0.002114445844619356,0.00017185352
61,-3.6360766939566034e-07,-0.023273799660342633,1.5623047e-05
2461,-3.8016608842954427e-07,-0.02433367094393558,1.5623047e-05
2730,-3.905989169397158e-07,-0.025001455429999948,1.5623047e-05
2617,-4.0477591487036675e-07,-0.025908896711894426,1.5623047e-05
1274,-4.3910213324676755e-07,-0.028106049293734493,1.5623047e-05
1637,-4.7002122506553353e-07,-0.03008511851927016,1.5623047e-05
2695,-4.863690905640552e-07,-0.031131512692196155,1.5623047e-05
1131,-4.936917565327238e-07,-0.01580011094733306,3.1246094e-05
1545,-5.000671762182874e-07,-0.03200829975715738,1.5623047e-05
373,-5.081729730311483e-07,-0.03252713559861123,1.5623047e-05
947,-5.088097918748413e-07,-0.032567897099084184,1.5623047e-05
453,-5.305180245307464e-07,-0.00017778742258897995,0.002984002
1800,-5.436230200768441e-07,-0.03479622220578468,1.5623047e-05
178,-5.487024774072968e-07,-0.0031928497943870724,0.00017185352
1922,-5.491877591402024e-07,-0.00585873523122797,9.373828e-05
2727,-5.498992671303607e-07,-0.03519795222645543,1.5623047e-05
1986,-5.520312701263614e-07,-0.005889069807550419,9.373828e-05
1740,-5.525166571465601e-07,-0.011788495832946883,4.686914e-05
2700,-5.640049897622261e-07,-0.03610083131903354,1.5623047e-05
351,-5.732896982771895e-07,-0.0366951269405783,1.5623047e-05
1744,-5.802658904126255e-07,-0.037141659045971054,1.5623047e-05
1869,-6.124577504124525e-07,-0.019601097808545943,3.1246094e-05
2100,-6.170155995322881e-07,-0.03949393442302365,1.5623047e-05
2468,-6.195880255364186e-07,-0.03965859026639652,1.5623047e-05
430,-6.499831019750494e-07,-0.020802059157770756,3.1246094e-05
1400,-6.672065961956424e-07,-0.02135327986580395,3.1246094e-05
2422,-6.777910054506631e-07,-0.043384046597970925,1.5623047e-05
2478,-7.113181067713768e-07,-0.04553004929540361,1.5623047e-05
1852,-7.202714439845081e-07,-0.04610313450269928,1.5623047e-05
2039,-7.383255767883327e-07,-0.04725874343310445,1.5623047e-05
71,-7.394288028658767e-07,-0.023664679363873717,3.1246094e-05
2046,-7.400348605152499e-07,-0.0009287872945621188,0.0007967754
2359,-7.641190627000295e-07,-0.0489097328763372,1.5623047e-05
2662,-7.842076108276493e-07,-0.016731854203546215,4.686914e-05
1820,-7.854798713532136e-07,-0.016758999155123775,4.686914e-05
2322,-8.136812353083943e-07,-0.013020527103720723,6.249219e-05
2076,-8.341492710215437e-07,-0.053392226442427075,1.5623047e-05
2743,-8.353532482434377e-07,-0.053469290616305884,1.5623047e-05
1579,-8.353532482434457e-07,-0.053469290616306404,1.5623047e-05
174,-8.48705347358827e-07,-0.02716196588746457,3.1246094e-05
607,-8.563856418921747e-07,-0.054815532066525445,1.5623047e-05
1641,-8.585248025789795e-07,-0.05495245546351739,1.5623047e-05
265,-8.644640299022728e-07,-0.05533261352533524,1.5623047e-05
778,-8.653252035277278e-07,-0.007912533515056832,0.00010936133
2331,-8.718728413661637e-07,-0.05580683672865336,1.5623047e-05
248,-8.926078544071525e-07,-0.011426808954277744,7.8115234e-05
2713,-8.928245027757531e-07,-0.009524652147937842,9.373828e-05
1725,-9.168831612285819e-07,-0.02934392863858324,3.1246094e-05
859,-9.309652608595532e-07,-0.05958922430870611,1.5623047e-05
921,-9.469596306141961e-07,-0.06061299192609907,1.5623047e-05
533,-9.469596306141962e-07,-0.06061299192609908,1.5623047e-05
2323,-9.784424262635636e-07,-0.015657035676589562,6.249219e-05
1894,-9.894516806687315e-07,-0.031666411530521216,3.1246094e-05
2278,-1.0020993226324856e-06,-0.021380791938582916,4.686914e-05
281,-1.0197101129973154e-06,-0.06526960479400745,1.5623047e-05
2550,-1.0318257448207915e-06,-0.06604510215435389,1.5623047e-05
1848,-1.0890872126586362e-06,-0.0697102941810517,1.5623047e-05
1384,-1.0890872126586362e-06,-0.0697102941810517,1.5623047e-05
2198,-1.0975241190677815e-06,-0.07025032368550596,1.5623047e-05
922,-1.1100298242731496e-06,-0.03552539443141756,3.1246094e-05
1870,-1.1244854463955037e-06,-0.0719760643219597,1.5623047e-05
470,-1.1333214200710885e-06,-0.007254163901316053,0.00015623047
593,-1.1408056679793768e-06,-0.0730206890632001,1.5623047e-05
1903,-1.1472464642163466e-06,-0.0002689851719967728,0.004265092
2151,-1.1587361138887426e-06,-0.07416838104287914,1.5623047e-05
629,-1.1857004959534393e-06,-0.07589431720693678,1.5623047e-05
82,-1.2054852432843575e-06,-0.07716069931179066,1.5623047e-05
488,-1.2864696315772137e-06,-0.08234434802821079,1.5623047e-05
1497,-1.2946530847618766e-06,-0.0828681544987019,1.5623047e-05
1794,-1.2975494864452772e-06,-0.08305354737731578,1.5623047e-05
1072,-1.3072547450605902e-06,-0.08367476156963476,1.5623047e-05
2544,-1.3072547450605904e-06,-0.08367476156963477,1.5623047e-05
950,-1.307254745060591e-06,-0.08367476156963481,1.5623047e-05
1767,-1.3072547450605917e-06,-0.08367476156963485,1.5623047e-05
1077,-1.3072547450605923e-06,-0.08367476156963488,1.5623047e-05
2026,-1.3082446965247045e-06,-0.027912709877569268,4.686914e-05
2616,-1.3118891749998159e-06,-0.08397140216064512,1.5623047e-05
1747,-1.3298757658790923e-06,-0.08512268786755167,1.5623047e-05
1714,-1.3476462559614211e-06,-0.04313007069733618,3.1246094e-05
2303,-1.3503723091858302e-06,-0.017286926524371523,7.8115234e-05
1169,-1.384644108576449e-06,-0.08862829994054741,1.5623047e-05
2185,-1.3868919992168986e-06,-0.08877218292439959,1.5623047e-05
2334,-1.4358064642309522e-06,-0.09190309999532402,1.5623047e-05
1976,-1.4662040036626123e-06,-0.013406969162107832,0.00010936133
1982,-1.4894230141062378e-06,-0.09533498811349873,1.5623047e-05
2340,-1.4935312851022662e-06,-0.03186598467769559,4.686914e-05
124,-1.5067325241330794e-06,-0.09644293522928146,1.5623047e-05
966,-1.525067721321649e-06,-0.048808267264396334,3.1246094e-05
190,-1.533755422675532e-06,-0.0981726169160405,1.5623047e-05
2407,-1.5662692287706944e-06,-0.10025376061279408,1.5623047e-05
2394,-1.6003802479980136e-06,-0.10243713872752479,1.5623047e-05
2473,-1.601149661239897e-06,-0.10248638733022167,1.5623047e-05
2292,-1.6053889387990682e-06,-0.10275773500773552,1.5623047e-05
2405,-1.6081515013453623e-06,-0.10293456111087708,1.5623047e-05
2605,-1.6144060660945246e-06,-0.10333490329061323,1.5623047e-05
2435,-1.6270155311017413e-06,-0.10414200992532704,1.5623047e-05
1476,-1.6270155311017415e-06,-0.10414200992532706,1.5623047e-05
2436,-1.627015531101742e-06,-0.10414200992532709,1.5623047e-05
1403,-1.6392977062047224e-06,-0.05246408369394433,3.1246094e-05
101,-1.6401413589444588e-06,-0.10498216791235547,1.5623047e-05
2636,-1.6455845847169964e-06,-0.1053305779069703,1.5623047e-05
1439,-1.6539352449469728e-06,-0.05293254348299918,3.1246094e-05
551,-1.6753372056634615e-06,-0.00198583302227087,0.00084364455
609,-1.7136197099364193e-06,-0.015669338338530674,0.00010936133
892,-1.7279251754963134e-06,-0.012289003348840512,0.00014060743
1534,-1.731076320799688e-06,-0.11080273294019743,1.5623047e-05
423,-1.7350726021652911e-06,-0.11105852691738168,1.5623047e-05
1481,-1.7771309292731706e-06,-0.11375059631400597,1.5623047e-05
872,-1.8226416396803643e-06,-0.11666364586045082,1.5623047e-05
1122,-1.8240415076183168e-06,-0.1167532486072603,1.5623047e-05
433,-1.825016977550971e-06,-0.01946928183670135,9.373828e-05
251,-1.826171632945273e-06,-0.03896319940180683,4.686914e-05
515,-1.8542205303097368e-06,-0.11868494748817897,1.5623047e-05
1861,-1.8735901258707747e-06,-0.11992475655859468,1.5623047e-05
2431,-1.8782728377732563e-06,-0.12022448758150352,1.5623047e-05
1898,-1.880149702073061e-06,-0.008022974980915252,0.0002343457
1504,-1.8950753407951433e-06,-0.060649991096486076,3.1246094e-05
2677,-1.912959230694827e-06,-0.12244469421558887,1.5623047e-05
2414,-1.9142663416065122e-06,-0.030632089942667962,6.249219e-05
2248,-1.9290102975501937e-06,-0.06173604545049918,3.1246094e-05
2237,-1.939090380135615e-06,-0.1241172968259524,1.5623047e-05
649,-1.973947568847542e-06,-0.015793554469620875,0.00012498438
2686,-2.001116573315602e-06,-0.06404373469589765,3.1246094e-05
2548,-2.019546818330655e-06,-0.12926715251257298,1.5623047e-05
2336,-2.024594176695494e-06,-0.12959022382620194,1.5623047e-05
2153,-2.036686440198498e-06,-0.1303642254270943,1.5623047e-05
1583,-2.11718755159566e-06,-0.06775847027801556,3.1246094e-05
224,-2.1200348459896052e-06,-0.06784959508763364,3.1246094e-05
632,-2.149476402593026e-06,-0.13758368532691115,1.5623047e-05
1724,-2.1502951123855224e-06,-0.13763608930321394,1.5623047e-05
862,-2.1615734223558747e-06,-0.1383579913664831,1.5623047e-05
2300,-2.1615734223558798e-06,-0.13835799136648344,1.5623047e-05
814,-2.171040446635574e-06,-0.13896395665547587,1.5623047e-05
2188,-2.181014411203023e-06,-0.13960237017834787,1.5623047e-05
2733,-2.2010700672962256e-06,-0.1408860926112265,1.5623047e-05
1178,-2.220057236760728e-06,-0.1421014233520997,1.5623047e-05
703,-2.239939241335384e-06,-0.020482004044840324,0.00010936133
2561,-2.2560199590488994e-06,-0.07220166263806692,3.1246094e-05
1293,-2.259433546309243e-06,-0.14462182216909647,1.5623047e-05
2360,-2.27744524257694e-06,-0.14577471482170212,1.5623047e-05
824,-2.3157397476042652e-06,-0.14822586949503253,1.5623047e-05
492,-2.3210635616505014e-06,-0.07428331809194208,3.1246094e-05
1700,-2.3371142336648966e-06,-0.14959400759631278,1.5623047e-05
1746,-2.4184886579767705e-06,-0.15480262173819279,1.5623047e-05
1783,-2.4448197084067734e-06,-0.07824400980552534,3.1246094e-05
2313,-2.4541377843537876e-06,-0.15708445101518229,1.5623047e-05
441,-2.5113782591005375e-06,-0.08037414965805388,3.1246094e-05
424,-2.512803189865384e-06,-0.005361317000988097,0.0004686914
204,-2.5222476480856514e-06,-0.006209385715804515,0.00040619922
321,-2.531365461132256e-06,-0.08101382007071345,3.1246094e-05
672,-2.553490805488744e-06,-0.02724064092061161,9.373828e-05
1808,-2.559448321396848e-06,-0.004311188812770777,0.00059367577
1713,-2.574612236475657e-06,-0.002354225354267617,0.0010936133
2380,-2.5746703842977916e-06,-0.08239975082918224,3.1246094e-05
1705,-2.590055868082203e-06,-0.08289214785132289,3.1246094e-05
1375,-2.6050217063673017e-06,-0.1667422290778559,1.5623047e-05
1657,-2.6190563735044997e-06,-0.16764056005033962,1.5623047e-05
1414,-2.6253744540409767e-06,-0.08402248387429141,3.1246094e-05
150,-2.65245484838831e-06,-0.056592778738634684,4.686914e-05
145,-2.6732829767844965e-06,-0.17111149646677204,1.5623047e-05
2419,-2.6827459295123264e-06,-0.010732325071492077,0.00024996875
1233,-2.733795718575526e-06,-0.08749239801814339,3.1246094e-05
226,-2.7440049581748597e-06,-0.17563826904337226,1.5623047e-05
981,-2.754054514704587e-06,-0.0012867264715303124,0.0021403574
2569,-2.7621234531526367e-06,-0.17679799766780027,1.5623047e-05
753,-2.8525608272339826e-06,-0.18258671309746946,1.5623047e-05
1244,-2.905153502848171e-06,-0.005634941306176745,0.00051556056
2404,-2.910728367090181e-06,-0.18630990098181258,1.5623047e-05
2457,-2.9243519508363534e-06,-0.18718191932865139,1.5623047e-05
2543,-2.9496061403302653e-06,-0.09439919474341868,3.1246094e-05
1631,-2.95480827879102e-06,-0.018913137236893602,0.00015623047
513,-2.976063549338816e-06,-0.19049187531957623,1.5623047e-05
134,-3.0111669515615673e-06,-0.19273877388496302,1.5623047e-05
2607,-3.020808989218106e-06,-0.19335594143016013,1.5623047e-05
2557,-3.020808989218108e-06,-0.19335594143016024,1.5623047e-05
1645,-3.0271478296342138e-06,-0.19376167792677632,1.5623047e-05
261,-3.062179394430365e-06,-0.0007424393039680261,0.0041244845
379,-3.073883898816815e-06,-0.1967531602375748,1.5623047e-05
756,-3.093791782383421e-06,-0.1980274240465882,1.5623047e-05
58,-3.162248443578388e-06,-0.028915599234535103,0.00010936133
594,-3.1723748382347834e-06,-0.20305736827637283,1.5623047e-05
1912,-3.1994081830687418e-06,-0.20478771860935732,1.5623047e-05
1544,-3.215514022272878e-06,-0.05145465529081512,6.249219e-05
2672,-3.276190789725237e-06,-0.20970241968728648,1.5623047e-05
1030,-3.3126112705479522e-06,-0.2120336218195464,1.5623047e-05
583,-3.3161029030603544e-06,-0.10612855711649687,3.1246094e-05
536,-3.3618043795164805e-06,-0.21518237433267642,1.5623047e-05
887,-3.4031724826123826e-06,-0.031118608606812398,0.00010936133
1327,-3.4059323908974545e-06,-0.218006920080012,1.5623047e-05
28,-3.425542567568672e-06,-0.10963106413305004,3.1246094e-05
2628,-3.4281960546699505e-06,-0.21943197266816974,1.5623047e-05
1831,-3.441273621338209e-06,-0.02202690466831285,0.00015623047
785,-3.4610002373263913e-06,-0.022153170794640558,0.00015623047
1265,-3.4654956233814397e-06,-0.22181944345791196,1.5623047e-05
1620,-3.4658592745394994e-06,-0.07394757621696722,4.686914e-05
2230,-3.4703239555523657e-06,-0.017086807487104713,0.00020309961
635,-3.508401002343252e-06,-0.07485524655496369,4.686914e-05
529,-3.5096164574076796e-06,-0.11232176489856328,3.1246094e-05
1837,-3.5306879901492466e-06,-0.056498069115598855,6.249219e-05
2296,-3.5326642055044244e-06,-0.11305938502730978,3.1246094e-05
1523,-3.5396739680650045e-06,-0.226567450935781,1.5623047e-05
2665,-3.5840475495772325e-06,-0.2294077151360493,1.5623047e-05
382,-3.6773437440005817e-06,-0.05884485448445914,6.249219e-05
151,-3.7225148322846204e-06,-0.23827072895146206,1.5623047e-05
2058,-3.7473780446435285e-06,-0.11993108672261811,3.1246094e-05
1510,-3.784936707878669e-06,-0.24226622835721814,1.5623047e-05
186,-3.7954651752179123e-06,-0.2429401344934426,1.5623047e-05
1571,-3.820695841863505e-06,-0.005687327868348401,0.00067179103
829,-3.846297855442235e-06,-0.24619383268332262,1.5623047e-05
819,-3.852012535685559e-06,-0.12327980896783597,3.1246094e-05
1878,-3.863811956045704e-06,-0.12365743761635514,3.1246094e-05
1979,-3.890902360327772e-06,-0.24904887782684274,1.5623047e-05
2671,-3.891110731350642e-06,-0.24906221523925035,1.5623047e-05
1530,-3.916730547293916e-06,-0.0835673660483008,4.686914e-05
2106,-3.947268320876681e-06,-0.2526567502230947,1.5623047e-05
255,-3.955472317927296e-06,-0.08439396049711112,4.686914e-05
2246,-3.957106785896713e-06,-0.1266432453454757,3.1246094e-05
398,-3.9923848235047315e-06,-0.08518152574524408,4.686914e-05
1789,-4.010682649686526e-06,-0.08557192817910021,4.686914e-05
1704,-4.014429671499427e-06,-0.08565187463945757,4.686914e-05
1139,-4.038537633465039e-06,-0.2584987163726238,1.5623047e-05
1728,-4.0680106731726235e-06,-0.06509630667369883,6.249219e-05
1980,-4.078153174632226e-06,-0.13051721396352034,3.1246094e-05
1133,-4.081546118437419e-06,-0.13062580173686422,3.1246094e-05
1338,-4.085545869898272e-06,-0.26150761956476903,1.5623047e-05
1495,-4.0872445245590245e-06,-0.2616163470520967,1.5623047e-05
1189,-4.105082115439504e-06,-0.08758603525490952,4.686914e-05
92,-4.132344172739338e-06,-0.012595385085430967,0.000328084
230,-4.1402417232911545e-06,-0.2650085917423724,1.5623047e-05
2001,-4.151515992891441e-06,-0.26573023518963484,1.5623047e-05
1932,-4.1964802902828055e-06,-0.02238402669637531,0.00018747656
1850,-4.208062403222768e-06,-0.2693496578155387,1.5623047e-05
2229,-4.23918833616263e-06,-0.05426839456919836,7.8115234e-05
1515,-4.24115128997452e-06,-0.09048920727017977,4.686914e-05
142,-4.263591091298314e-06,-0.13645196903770657,3.1246094e-05
493,-4.3033255283521635e-06,-0.2754472599177296,1.5623047e-05
1828,-4.340192073590576e-06,-0.27780701374105754,1.5623047e-05
579,-4.453247223674892e-06,-0.14252172388724574,3.1246094e-05
120,-4.466707932603746e-06,-0.09530168397533512,4.686914e-05
736,-4.5109151794109105e-06,-0.07218366456963207,6.249219e-05
934,-4.5276708210607126e-06,-0.020700510611927306,0.00021872266
153,-4.539055013563195e-06,-0.2905358327796714,1.5623047e-05
695,-4.5449213490309715e-06,-0.2909113251796098,1.5623047e-05
518,-4.5529255657054535e-06,-0.2914236590795781,1.5623047e-05
1763,-4.554881887212529e-06,-0.09718296354045847,4.686914e-05
847,-4.574836742950962e-06,-0.04183230640566105,0.00010936133
1934,-4.5856745360161656e-06,-0.29351985516741325,1.5623047e-05
830,-4.587331821103191e-06,-0.026693266505743357,0.00017185352
112,-4.587875631162371e-06,-0.14683037143263764,3.1246094e-05
1200,-4.601981167156254e-06,-0.02677850971761008,0.00017185352
574,-4.640047963850386e-06,-0.07425004738247383,6.249219e-05
2525,-4.6484587691936346e-06,-0.02479487999206547,0.00018747656
563,-4.652347043057155e-06,-0.09926248018248275,4.686914e-05
338,-4.708212073700064e-06,-0.03013632448827541,0.00015623047
1690,-4.739805661172466e-06,-0.3033854802084722,1.5623047e-05
78,-4.761662217329939e-06,-0.304784474652455,1.5623047e-05
1162,-4.776486352755351e-06,-0.00037698314357566406,0.012670292
821,-4.799965571969201e-06,-0.3072361957717452,1.5623047e-05
1732,-4.809754025820097e-06,-0.3078627351246937,1.5623047e-05
19,-4.836227139591901e-06,-0.3095572261879171,1.5623047e-05
2109,-4.8749474979456694e-06,-0.3120356388809169,1.5623047e-05
739,-4.896745947029753e-06,-0.3134309140073529,1.5623047e-05
653,-4.930733828309921e-06,-0.3156064103083767,1.5623047e-05
1959,-4.953866514569262e-06,-0.15854354364388562,3.1246094e-05
146,-4.955105689106099e-06,-0.3171664043713809,1.5623047e-05
1551,-5.00143721616945e-06,-0.015244380691674227,0.000328084
301,-5.011513633071763e-06,-0.32077696404216754,1.5623047e-05
2351,-5.0374890316144735e-06,-0.322439597349065,1.5623047e-05
571,-5.052340052492202e-06,-0.10779673134747912,4.686914e-05
2173,-5.05412915534288e-06,-0.32350469838673546,1.5623047e-05
1901,-5.085396142434951e-06,-0.3255060356928843,1.5623047e-05
284,-5.131649100025406e-06,-0.10948886924824137,4.686914e-05
845,-5.142819363951114e-06,-0.3291815812490051,1.5623047e-05
392,-5.229018980242328e-06,-0.16734952313926846,3.1246094e-05
730,-5.2343310645090855e-06,-0.33503906216766505,1.5623047e-05
370,-5.271317524919562e-06,-0.3374064915213125,1.5623047e-05
1432,-5.282964167257767e-06,-0.33815196980274026,1.5623047e-05
191,-5.286156974260377e-06,-0.33835633499299167,1.5623047e-05
1073,-5.292799623749425e-06,-0.3387815177007132,1.5623047e-05
812,-5.36818351158874e-06,-0.17180334479237758,3.1246094e-05
2155,-5.3825331865835824e-06,-0.34452518358015427,1.5623047e-05
1720,-5.4077873253526535e-06,-0.05769027732088134,9.373828e-05
828,-5.414822523922759e-06,-0.34659195948080085,1.5623047e-05
576,-5.416270186882319e-06,-0.11556154498205463,4.686914e-05
1548,-5.441045913737818e-06,-0.34827046621303,1.5623047e-05
771,-5.450037556053348e-06,-0.03171327268735847,0.00017185352
487,-5.450248402352927e-06,-0.34885949910323444,1.5623047e-05
1197,-5.450248402352935e-06,-0.34885949910323494,1.5623047e-05
2310,-5.458212429759786e-06,-0.3493692605685654,1.5623047e-05
421,-5.46392946915519e-06,-0.1748675984127604,3.1246094e-05
2729,-5.483045991512698e-06,-0.35095880718635447,1.5623047e-05
2601,-5.499772791275598e-06,-0.17601472809181531,3.1246094e-05
2454,-5.55694480033159e-06,-0.35568892213263004,1.5623047e-05
1171,-5.562478147337727e-06,-0.3560431006071546,1.5623047e-05
303,-5.595007452118707e-06,-0.3581252363437882,1.5623047e-05
2491,-5.629266299719552e-06,-0.04003534029701172,0.00014060743
2434,-5.668954411552263e-06,-0.3628584333146016,1.5623047e-05
1568,-5.703208676439536e-06,-0.365050980297518,1.5623047e-05
1531,-5.715442716073517e-06,-0.3658340567049854,1.5623047e-05
407,-5.738519587406863e-06,-0.010203087411868702,0.0005624297
1782,-5.765214128025301e-06,-0.12300661318568157,4.686914e-05
125,-5.803255239141274e-06,-0.033768614249055175,0.00017185352
1738,-5.806628796243831e-06,-0.1238902365794782,4.686914e-05
2011,-5.82408850568678e-06,-0.37278825639390156,1.5623047e-05
2674,-5.856077362723822e-06,-0.18741789957570204,3.1246094e-05
1181,-5.870733213377531e-06,-0.12525796847403656,4.686914e-05
2083,-5.903219930048269e-06,-0.09446332514880461,6.249219e-05
1993,-5.94262255380273e-06,-0.3803753837319064,1.5623047e-05
198,-5.959692412880416e-06,-0.19073399563488172,3.1246094e-05
1459,-5.969780890766692e-06,-0.12737124979698403,4.686914e-05
1518,-5.971602586128585e-06,-0.07644606930765034,7.8115234e-05
1996,-5.9908165913886586e-06,-0.38346018768409523,1.5623047e-05
1847,-6.0085801155209e-06,-0.38459719533468356,1.5623047e-05
1992,-6.019184030854132e-06,-0.19263796537304922,3.1246094e-05
1966,-6.0453556402990354e-06,-0.38695112312040064,1.5623047e-05
1291,-6.048290018702587e-06,-0.19356947340645678,3.1246094e-05
2726,-6.089510732155526e-06,-0.1299258057873517,4.686914e-05
1616,-6.131778129836083e-06,-0.39248285382062587,1.5623047e-05
1285,-6.156671718480506e-06,-0.19703812131983986,3.1246094e-05
688,-6.1714223235091605e-06,-0.011970315005561505,0.00051556056
1840,-6.172338282156568e-06,-0.39507902804563305,1.5623047e-05
1257,-6.231700566096132e-06,-0.06647978409826513,9.373828e-05
1708,-6.276637250556064e-06,-0.4017549964028045,1.5623047e-05
1991,-6.287780101657064e-06,-0.4024682280147799,1.5623047e-05
2117,-6.299961678012881e-06,-0.40324794635274475,1.5623047e-05
390,-6.306545367752049e-06,-0.40366935516480285,1.5623047e-05
1329,-6.322812660160214e-06,-0.002513730321564007,0.0025153107
2498,-6.329862693790679e-06,-0.4051618505671687,1.5623047e-05
706,-6.3846257927963e-06,-0.13622238095409966,4.686914e-05
512,-6.385611048084303e-06,-0.2043650956111521,3.1246094e-05
1387,-6.405754530267393e-06,-0.10250488380688352,6.249219e-05
1401,-6.409734271462225e-06,-0.4102742705014696,1.5623047e-05
2690,-6.412674259134357e-06,-0.20523122661602253,3.1246094e-05
1042,-6.420507467990356e-06,-0.4109638412635878,1.5623047e-05
567,-6.433233397309164e-06,-0.051472300318243056,0.00012498438
440,-6.446528835303001e-06,-0.13754314431787895,4.686914e-05
608,-6.447639696176026e-06,-0.4127005209221372,1.5623047e-05
738,-6.461257490478616e-06,-0.41357216869827185,1.5623047e-05
2722,-6.464597910071871e-06,-0.413785982275208,1.5623047e-05
1619,-6.50321718087095e-06,-0.2081289622780095,3.1246094e-05
1891,-6.5293461874405734e-06,-0.20896519500274263,3.1246094e-05
1691,-6.655542917321486e-06,-0.21300399513850482,3.1246094e-05
2400,-6.673995415188379e-06,-0.4271890977583253,1.5623047e-05
1035,-6.679254204688493e-06,-0.042752571231138924,0.00015623047
931,-6.683102133201513e-06,-0.0388883632760075,0.00017185352
2720,-6.68477405193054e-06,-0.019449046009489213,0.00034370704
634,-6.703572195336493e-06,-0.2145411241493011,3.1246094e-05
1343,-6.738096396686762e-06,-0.21564603668730528,3.1246094e-05
2276,-6.768489887894466e-06,-0.08664750200893045,7.8115234e-05
148,-6.773393088356008e-06,-0.04817236968719526,0.00014060743
2664,-6.781041018516655e-06,-0.4340408727236983,1.5623047e-05
2081,-6.8033954856071985e-06,-0.43547173745062706,1.5623047e-05
1513,-6.816066606927959e-06,-0.43628279058265107,1.5623047e-05
680,-6.842240949959504e-06,-0.004171030098633612,0.0016404199
1546,-6.870864949955903e-06,-0.43979032291680353,1.5623047e-05
1290,-6.8970086352476905e-06,-0.44146372792191635,1.5623047e-05
1115,-6.930778574251948e-06,-0.443625274173769,1.5623047e-05
128,-6.936737189042079e-06,-0.22200333659428098,3.1246094e-05
1872,-6.9446772070164636e-06,-0.4445148978581419,1.5623047e-05
660,-7.049649141820336e-06,-0.011005706045263686,0.0006405449
316,-7.098105181491989e-06,-0.4543355156305077,1.5623047e-05
902,-7.121267543398266e-06,-0.45581809208870794,1.5623047e-05
1097,-7.132254186488259e-06,-0.22826066256916652,3.1246094e-05
2597,-7.248174368445343e-06,-0.4639411441315455,1.5623047e-05
1781,-7.254899566015512e-06,-0.46437161057683385,1.5623047e-05
327,-7.256173945000698e-06,-0.46445318102676925,1.5623047e-05
2697,-7.276649032517168e-06,-0.15525458950080392,4.686914e-05
2699,-7.295999615887344e-06,-0.46700234256424483,1.5623047e-05
2426,-7.3082328410943245e-06,-0.23389268342093444,3.1246094e-05
2192,-7.345487409492582e-06,-0.2350849786257835,3.1246094e-05
1697,-7.363471739418422e-06,-0.11783027455984157,6.249219e-05
444,-7.370948212886629e-06,-0.4717996523522488,1.5623047e-05
172,-7.3787960501448564e-06,-0.47230197671855967,1.5623047e-05
2390,-7.378988489154412e-06,-0.11807857358866522,6.249219e-05
2640,-7.399217021542434e-06,-0.4736090822533982,1.5623047e-05
1446,-7.4022092077908485e-06,-0.0947601234286695,7.8115234e-05
1885,-7.415088273381511e-06,-0.23731248466963298,3.1246094e-05
2411,-7.421159114667216e-06,-0.11875338793689363,6.249219e-05
2008,-7.493099763377807e-06,-0.479618328781866,1.5623047e-05
163,-7.505739916176474e-06,-0.4804273996807314,1.5623047e-05
2211,-7.516742035366612e-06,-0.12028290583114319,6.249219e-05
399,-7.526493830576297e-06,-0.4817558162312189,1.5623047e-05
1791,-7.55537743631418e-06,-0.4836045980639264,1.5623047e-05
2270,-7.5700433457506545e-06,-0.09690866897529855,7.8115234e-05
2311,-7.612202520261919e-06,-0.24362092901531857,3.1246094e-05
18,-7.698515672560776e-06,-0.0259350848110665,0.00029683788
554,-7.714951644965503e-06,-0.24690931199635055,3.1246094e-05
1306,-7.744760436762019e-06,-0.04506605635340969,0.00017185352
1936,-7.802708479805595e-06,-0.12485894086673205,6.249219e-05
372,-7.826059164582793e-06,-0.5009303940954284,1.5623047e-05
2250,-7.83627001864203e-06,-0.5015839704408632,1.5623047e-05
2121,-7.848075408625314e-06,-0.5023396098415387,1.5623047e-05
1610,-7.850777891392152e-06,-0.16750420328688567,4.686914e-05
2712,-7.876562506165025e-06,-0.02016652094869885,0.00039057617
2214,-7.891506985243071e-06,-0.03367463933032222,0.0002343457
2215,-7.893910864838372e-06,-0.5052734457174874,1.5623047e-05
2694,-7.916272951305065e-06,-0.253352399072722,3.1246094e-05
679,-7.9206872842649e-06,-0.004874878416439182,0.0016247969
2274,-7.954013851565818e-06,-0.25456025884247,3.1246094e-05
1016,-7.963464851401171e-06,-0.07281792125758851,0.00010936133
637,-8.001192252484095e-06,-0.07316290060672527,0.00010936133
1501,-8.0366186415831e-06,-0.17146930167963256,4.686914e-05
2287,-8.04575026375167e-06,-0.12874809548636282,6.249219e-05
1682,-8.04723361048487e-06,-0.2575436640014886,3.1246094e-05
2663,-8.049826452805323e-06,-0.5152532906539228,1.5623047e-05
684,-8.05073548206007e-06,-0.25765573789917745,3.1246094e-05
2618,-8.07375027594405e-06,-0.516784606722601,1.5623047e-05
1411,-8.100739812495772e-06,-0.5185121529750613,1.5623047e-05
2510,-8.1736446389952e-06,-0.043598222117140865,0.00018747656
805,-8.18058646891155e-06,-0.015400675499736283,0.0005311836
2029,-8.230057387743448e-06,-0.5267895123164581,1.5623047e-05
1359,-8.268925809679472e-06,-0.5292774022632136,1.5623047e-05
16,-8.271281684629395e-06,-0.529428197106734,1.5623047e-05
2224,-8.275039384973008e-06,-0.5296687199898905,1.5623047e-05
2271,-8.31107752444807e-06,-0.2659877246086072,3.1246094e-05
2449,-8.316005529956026e-06,-0.08871515027523022,9.373828e-05
1255,-8.384352524976417e-06,-0.2683328177212507,3.1246094e-05
2260,-8.424677036110232e-06,-0.5392467267464597,1.5623047e-05
2354,-8.427164797531518e-06,-0.5394059633792236,1.5623047e-05
2041,-8.472874865361424e-06,-0.06779147167444478,0.00012498438
113,-8.478991194308999e-06,-0.5427232673781225,1.5623047e-05
750,-8.541005841933398e-06,-0.5466927009360447,1.5623047e-05
712,-8.542752423665705e-06,-0.27340224806968144,3.1246094e-05
2118,-8.575507116908074e-06,-0.2744505292703034,3.1246094e-05
875,-8.576121721924693e-06,-0.13723509954460975,6.249219e-05
619,-8.582343166213568e-06,-0.13733465509593923,6.249219e-05
1916,-8.623040551096694e-06,-0.07884908134431845,0.00010936133
1485,-8.623273635220709e-06,-0.5519584978392005,1.5623047e-05
692,-8.637362833480295e-06,-0.009370514162794516,0.00092175975
2736,-8.646103652034712e-06,-0.1844732743436577,4.686914e-05
1618,-8.684616133027943e-06,-0.13897122710792595,6.249219e-05
2545,-8.728793401819021e-06,-0.1396781517618349,6.249219e-05
21,-8.744745468888862e-06,-0.18657789622590984,4.686914e-05
2370,-8.761783706548211e-06,-0.04673535601951424,0.00018747656
1198,-8.765598491713469e-06,-0.5610684272370182,1.5623047e-05
1023,-8.768402119606262e-06,-0.28062394092542686,3.1246094e-05
2034,-8.792011567430692e-06,-0.03310347434245594,0.0002655918
2560,-8.792403705616779e-06,-0.2813920876827102,3.1246094e-05
1892,-8.889964754979412e-06,-0.11380577525041134,7.8115234e-05
1164,-8.91406462790867e-06,-0.5705714476653146,1.5623047e-05
2704,-8.920069149425378e-06,-0.570955785077857,1.5623047e-05
2670,-8.92983875676354e-06,-0.01633088859973117,0.00054680667
307,-8.962713310808434e-06,-0.11473707318270432,7.8115234e-05
1827,-8.994008099054087e-06,-0.5756884693570827,1.5623047e-05
686,-8.994008099054094e-06,-0.5756884693570832,1.5623047e-05
1098,-9.001023399061513e-06,-0.028806875904753247,0.00031246094
2090,-9.022344412145052e-06,-0.57750222008211,1.5623047e-05
2585,-9.02283918406736e-06,-0.026251540151378573,0.00034370704
2452,-9.064922221876837e-06,-0.5802275405224648,1.5623047e-05
1060,-9.081096602103981e-06,-0.5812628302501607,1.5623047e-05
1839,-9.082553572486228e-06,-0.04471969947822514,0.00020309961
1997,-9.095161121502786e-06,-0.29108153600310094,3.1246094e-05
1925,-9.104457862834818e-06,-0.5827581378243001,1.5623047e-05
933,-9.106958811892972e-06,-0.5829182185713233,1.5623047e-05
2383,-9.108956247053629e-06,-0.03886973893184336,0.0002343457
1113,-9.159349767133037e-06,-0.29313582941411476,3.1246094e-05
1567,-9.17743370983855e-06,-0.0326349529462621,0.00028121486
1270,-9.203283035428199e-06,-0.034651983962151335,0.0002655918
752,-9.225376427119797e-06,-0.29524894663648726,3.1246094e-05
1985,-9.245306402079253e-06,-0.591773571107859,1.5623047e-05
42,-9.303865558748596e-06,-0.11910436789368774,7.8115234e-05
364,-9.332615220145564e-06,-0.14934050848112052,6.249219e-05
1205,-9.360673259176242e-06,-0.013025172993876052,0.0007186602
2456,-9.363039156874613e-06,-0.19976981084075554,4.686914e-05
1448,-9.366142993878706e-06,-0.5995080796616894,1.5623047e-05
917,-9.434554898103922e-06,-0.10064783537603354,9.373828e-05
1777,-9.531761952323536e-06,-0.6101090179345431,1.5623047e-05
1558,-9.549280738296528e-06,-0.6112303603850626,1.5623047e-05
1161,-9.555120750834762e-06,-0.013295742444058997,0.0007186602
2231,-9.572609568218883e-06,-0.30636179606400826,3.1246094e-05
2067,-9.596933953859875e-06,-0.6142805474012931,1.5623047e-05
346,-9.613059629197519e-06,-0.08790181562743289,0.00010936133
2103,-9.65515181846121e-06,-0.3090034782359585,3.1246094e-05
1662,-9.661334791951082e-06,-0.6184027162383369,1.5623047e-05
1217,-9.68965853699967e-06,-0.02385444877164808,0.00040619922
1232,-9.695311164978762e-06,-0.6205774759191368,1.5623047e-05
311,-9.69941199335553e-06,-0.20694666194539105,4.686914e-05
2012,-9.707719264374501e-06,-0.31068584677190725,3.1246094e-05
1919,-9.76138590645233e-06,-0.6248067879636838,1.5623047e-05
958,-9.791784463070979e-06,-0.006084976180246545,0.0016091738
287,-9.86923378230146e-06,-0.05742817346382939,0.00017185352
651,-9.936734563155587e-06,-0.63603050476153,1.5623047e-05
2116,-9.954441621446125e-06,-0.6371638981465292,1.5623047e-05
846,-9.964885725492507e-06,-0.05798476341872321,0.00017185352
1079,-1.0047597618267804e-05,-0.643126627180245,1.5623047e-05
1540,-1.005760105404251e-05,-0.6437669270961478,1.5623047e-05
2732,-1.0114644626811257e-05,-0.028148615465590845,0.0003593301
185,-1.0166210711966783e-05,-0.6507188140679192,1.5623047e-05
2568,-1.0175658723054286e-05,-0.6513235623605081,1.5623047e-05
1486,-1.0176780696616517e-05,-0.21713180097492563,4.686914e-05
239,-1.0189547930535235e-05,-0.32610629137566577,3.1246094e-05
2089,-1.020059286057364e-05,-0.32645977331597187,3.1246094e-05
1718,-1.0202292531446911e-05,-0.1306056708742808,7.8115234e-05
825,-1.022662558066643e-05,-0.05950780382255691,0.00017185352
1864,-1.030521218792281e-05,-0.6596160205247287,1.5623047e-05
1715,-1.0338662140922151e-05,-0.33087854255620797,3.1246094e-05
1321,-1.0361457019685879e-05,-0.16580403492741766,6.249219e-05
1067,-1.0367312244879869e-05,-0.2211969822390475,4.686914e-05
994,-1.0413786905290977e-05,-0.11109428281512927,9.373828e-05
2343,-1.0440399474307993e-05,-0.06075173466023771,0.00017185352
464,-1.0444041395929628e-05,-0.08356277505683316,0.00012498438
1166,-1.045972018321978e-05,-0.3347528841348539,3.1246094e-05
2442,-1.0531441886951536e-05,-0.011425365271654695,0.00092175975
2462,-1.054190873589626e-05,-0.16869162328496368,6.249219e-05
367,-1.0555234569258314e-05,-0.6756194530801416,1.5623047e-05
2113,-1.0561290974976692e-05,-0.11266785628874447,9.373828e-05
1429,-1.057186769406058e-05,-0.035614954481950574,0.00029683788
2145,-1.0602404465998792e-05,-0.0015930486571300777,0.006655418
1362,-1.062420171059269e-05,-0.03579125952762343,0.00029683788
1862,-1.0645635455401565e-05,-0.6814058329898733,1.5623047e-05
721,-1.066769322436997e-05,-0.17070442666585872,6.249219e-05
1292,-1.0703060116085255e-05,-0.6850814706642291,1.5623047e-05
2721,-1.0737537983716013e-05,-0.6872883300115243,1.5623047e-05
1762,-1.080692319387577e-05,-0.3458647692676758,3.1246094e-05
2279,-1.087411013905569e-05,-0.3480150202573027,3.1246094e-05
1737,-1.0913532891013795e-05,-0.17463835300433744,6.249219e-05
2342,-1.1004734196238313e-05,-0.7043910251515421,1.5623047e-05
1252,-1.1009545221300137e-05,-0.7046989692431392,1.5623047e-05
1689,-1.1011209433847331e-05,-0.11746758658552313,9.373828e-05
1815,-1.1062397632115103e-05,-0.17702048658710748,6.249219e-05
472,-1.1065304303973131e-05,-0.7082679966003802,1.5623047e-05
886,-1.1099288435101637e-05,-0.23681442681132353,4.686914e-05
2314,-1.1114008293147335e-05,-0.11856424485710201,9.373828e-05
2282,-1.114975971001728e-05,-0.17841845455515523,6.249219e-05
1059,-1.116513595392488e-05,-0.17866450520971708,6.249219e-05
1234,-1.117821563311373e-05,-0.238498417570402,4.686914e-05
2590,-1.1211330846513971e-05,-0.35880743175916624,3.1246094e-05
601,-1.1215618527061275e-05,-0.08973616367178813,0.00012498438
2200,-1.122151370242322e-05,-0.359133323879093,3.1246094e-05
442,-1.1255766990746202e-05,-0.7204591322331754,1.5623047e-05
1938,-1.1263225234324915e-05,-0.24031218248893677,4.686914e-05
1207,-1.1266766684173693e-05,-0.18029080015220036,6.249219e-05
1625,-1.1346789932173968e-05,-0.2420951189481967,4.686914e-05
2346,-1.1357354658941804e-05,-0.24232052796685333,4.686914e-05
2654,-1.1358396409660285e-05,-0.7270282360670789,1.5623047e-05
1635,-1.1381563557773583e-05,-0.14570222716898187,7.8115234e-05
39,-1.1391708551574526e-05,-0.10416578107354833,0.00010936133
1103,-1.139344091674566e-05,-0.7292713648725193,1.5623047e-05
511,-1.13993116287954e-05,-0.7296471374087155,1.5623047e-05
1380,-1.1401018526583847e-05,-0.022804887266317492,0.0004999375
2626,-1.140319881956512e-05,-0.7298959487150511,1.5623047e-05
1107,-1.1481902724910672e-05,-0.14698672907857843,7.8115234e-05
1589,-1.1551567661819086e-05,-0.7393927415527685,1.5623047e-05
2120,-1.1599251530511614e-05,-0.14848898158060828,7.8115234e-05
1468,-1.161272185537752e-05,-0.04645669369793354,0.00024996875
495,-1.1625518659765906e-05,-0.18603154925518461,6.249219e-05
1701,-1.1628012439681886e-05,-0.10632654378653202,0.00010936133
945,-1.1642913468360728e-05,-0.37261980196362526,3.1246094e-05
2581,-1.1675896622331192e-05,-0.7473507896427517,1.5623047e-05
2593,-1.1800398668779294e-05,-0.7553199166173061,1.5623047e-05
381,-1.181529470304128e-05,-0.12604556855459204,9.373828e-05
297,-1.183342745367523e-05,-0.2524780174910211,4.686914e-05
2635,-1.1877370295281808e-05,-0.19006167911937932,6.249219e-05
2187,-1.197046245003233e-05,-0.2554017962814496,4.686914e-05
2647,-1.2018876953306487e-05,-0.7693042746278853,1.5623047e-05
1525,-1.214526699827164e-05,-0.7773942486112992,1.5623047e-05
2018,-1.2264491794872517e-05,-0.15700512153166665,7.8115234e-05
158,-1.228638784831122e-05,-0.393213555982101,3.1246094e-05
2333,-1.2292820397833864e-05,-0.3934194232966492,3.1246094e-05
2021,-1.2499523107981043e-05,-0.1333449174484994,9.373828e-05
1436,-1.2535742986722921e-05,-0.8023878356346258,1.5623047e-05
449,-1.2541412902925783e-05,-0.8027507556302784,1.5623047e-05
2172,-1.2609469813257175e-05,-0.26903565788754463,4.686914e-05
2396,-1.2619786560079253e-05,-0.0807767315477882,0.00015623047
560,-1.2649398588164987e-05,-0.01472113990524717,0.0008592676
108,-1.2797137821443499e-05,-0.07446538068318104,0.00017185352
1328,-1.2825824759362292e-05,-0.4104776948519762,3.1246094e-05
1011,-1.2919008830748422e-05,-0.4134599578671932,3.1246094e-05
2014,-1.2925064981958597e-05,-0.20682688946508554,6.249219e-05
256,-1.296387380386952e-05,-0.41489581646434903,3.1246094e-05
50,-1.2986759733343665e-05,-0.138542757960141,9.373828e-05
1821,-1.304052962156516e-05,-0.27823275029781314,4.686914e-05
844,-1.3118504759465135e-05,-0.8396892511164585,1.5623047e-05
1683,-1.3136275024209658e-05,-0.12011809660497459,0.00010936133
1547,-1.3142880133598232e-05,-0.03004462343102732,0.00043744533
2024,-1.3173200022254786e-05,-0.8431901854907303,1.5623047e-05
2,-1.3285821602097705e-05,-0.8503988675602034,1.5623047e-05
2420,-1.3294137611538106e-05,-0.2127327896728741,6.249219e-05
1081,-1.3313790876422933e-05,-0.0026798399583999287,0.004968129
213,-1.3317762116112414e-05,-0.023039007452462356,0.0005780528
734,-1.3324525165886035e-05,-0.8528762052666605,1.5623047e-05
606,-1.3324525165886045e-05,-0.8528762052666612,1.5623047e-05
1082,-1.344071325304203e-05,-0.12290187971805192,0.00010936133
2152,-1.3477060619448707e-05,-0.07842178958453648,0.00017185352
1480,-1.3559527165349474e-05,-0.43395910661047754,3.1246094e-05
155,-1.365235221942317e-05,-0.43692987963564833,3.1246094e-05
448,-1.3668942582764255e-05,-0.29164056973392527,4.686914e-05
302,-1.3682892557316089e-05,-0.4379072926077954,3.1246094e-05
1249,-1.3683059939908764e-05,-0.4379126495202816,3.1246094e-05
605,-1.3712657514104207e-05,-0.43885989028310957,3.1246094e-05
1851,-1.3744458894169818e-05,-0.12567932980927538,0.00010936133
2193,-1.3745802364742311e-05,-0.8798413161620038,1.5623047e-05
2315,-1.3756518450959801e-05,-0.4402636157036826,3.1246094e-05
1129,-1.3769807944274256e-05,-0.8813778652938896,1.5623047e-05
363,-1.3809835535522871e-05,-0.4419699756749353,3.1246094e-05
1971,-1.3835461983216143e-05,-0.4427901245054189,3.1246094e-05
2381,-1.383725447353955e-05,-0.29523167236834535,4.686914e-05
458,-1.4020045789251015e-05,-0.8973950892460268,1.5623047e-05
1734,-1.407813902378048e-05,-0.016687287353874584,0.00084364455
1680,-1.409385824361727e-05,-0.12887423740167098,0.00010936133
2281,-1.409531510266871e-05,-0.10024587693729542,0.00014060743
1076,-1.4104959376136789e-05,-0.4514151190527625,3.1246094e-05
519,-1.415245913967321e-05,-0.30195687937374505,4.686914e-05
2401,-1.4180148035321262e-05,-0.302547649673145,4.686914e-05
2384,-1.4185009507967424e-05,-0.226988521733605,6.249219e-05
2680,-1.4234473869220388e-05,-0.9111202017637405,1.5623047e-05
788,-1.4240837849074616e-05,-0.1823055137222634,7.8115234e-05
252,-1.4252145545033138e-05,-0.9122513303871056,1.5623047e-05
2368,-1.4281451161668238e-05,-0.914127124293273,1.5623047e-05
443,-1.4350128277110844e-05,-0.45926150454526365,3.1246094e-05
1961,-1.437077134004501e-05,-0.459922165130207,3.1246094e-05
1759,-1.4372014928893158e-05,-0.3066413218658239,4.686914e-05
1177,-1.4374861982429606e-05,-0.13144373554195904,0.00010936133
1025,-1.4379982866230882e-05,-0.4602169708137233,3.1246094e-05
282,-1.4391034893703734e-05,-0.46057067990032113,3.1246094e-05
1066,-1.440617846198211e-05,-0.30737023503477295,4.686914e-05
2268,-1.4406886995493787e-05,-0.016178175445795126,0.0008905137
2064,-1.4410297179792835e-05,-0.30745811200123324,4.686914e-05
2363,-1.4484128096699737e-05,-0.46355003476358575,3.1246094e-05
2119,-1.4502095885493923e-05,-0.3094167292585228,4.686914e-05
1897,-1.4683441709803885e-05,-0.0447551304982081,0.000328084
1264,-1.4722899690497643e-05,-0.23559584041879694,6.249219e-05
2739,-1.4731634892319919e-05,-0.4714712422362055,3.1246094e-05
1585,-1.4792307291458963e-05,-0.3156086800452392,4.686914e-05
103,-1.4927311566096329e-05,-0.1910934758467396,7.8115234e-05
2485,-1.503716113682275e-05,-0.3208328818831692,4.686914e-05
1580,-1.5094715094786454e-05,-0.19323650890562358,7.8115234e-05
2502,-1.51273700311219e-05,-0.9682726991907727,1.5623047e-05
743,-1.5183769170969784e-05,-0.32396091101543917,4.686914e-05
990,-1.5199901818873816e-05,-0.029482281925905983,0.00051556056
893,-1.5237009596136477e-05,-0.12191131355693256,0.00012498438
1086,-1.5255949195653896e-05,-0.12206284929239579,0.00012498438
1990,-1.526149803470234e-05,-0.4884289822141666,3.1246094e-05
1345,-1.5264449702725035e-05,-0.06978906275312304,0.00021872266
59,-1.5348599117813194e-05,-0.32747772289138044,4.686914e-05
1666,-1.5406310586500025e-05,-0.12326589077836736,0.00012498438
2037,-1.5530819394572066e-05,-0.12426208574993969,0.00012498438
330,-1.5610071323023288e-05,-0.24979236085664897,6.249219e-05
2676,-1.5739669557370112e-05,-0.5037323835977892,3.1246094e-05
2742,-1.5763547676402962e-05,-0.5044965789179264,3.1246094e-05
218,-1.5768168858271806e-05,-0.5046444752221879,3.1246094e-05
389,-1.5834558654012276e-05,-0.0177813755387594,0.0008905137
314,-1.5846353133462576e-05,-0.5071466847608418,3.1246094e-05
733,-1.5940674116662814e-05,-0.3401102355341248,4.686914e-05
1216,-1.5941120501194596e-05,-0.04858853546864753,0.000328084
1943,-1.5951656758444273e-05,-1.0210336439372516,1.5623047e-05
195,-1.5977469689120625e-05,-0.25567146950024455,6.249219e-05
763,-1.6006522689027415e-05,-1.0245455024156294,1.5623047e-05
1952,-1.6043211147659428e-05,-0.01801568130172416,0.0008905137
1450,-1.606543274893281e-05,-0.5141581087615975,3.1246094e-05
1929,-1.6065624850508838e-05,-0.1469040709224041,0.00010936133
2651,-1.6080899286538982e-05,-0.0857755199673185,0.00018747656
12,-1.6108729282726418e-05,-0.2577718855133038,6.249219e-05
761,-1.613962256002561e-05,-0.02582662457497275,0.0006249219
2175,-1.634112045198372e-05,-0.5229812179939897,3.1246094e-05
1193,-1.644581971908616e-05,-0.21053281023535816,7.8115234e-05
2107,-1.6456034677546004e-05,-1.0533178657243907,1.5623047e-05
874,-1.6478253291003555e-05,-0.26368500868299866,6.249219e-05
299,-1.648207408521283e-05,-0.1507120826542726,0.00010936133
2080,-1.654757025378308e-05,-0.3530589719947091,4.686914e-05
716,-1.6575219818311824e-05,-0.07578190361100696,0.00021872266
325,-1.6577167387880948e-05,-0.2122142705882974,7.8115234e-05
1421,-1.6590309230629447e-05,-0.11799027445441598,0.00014060743
308,-1.6629286688398854e-05,-0.17740123695408255,9.373828e-05
1946,-1.6638816903272382e-05,-0.0819244153804502,0.00020309961
1246,-1.666978919947026e-05,-0.35566663551635075,4.686914e-05
474,-1.672706259284854e-05,-0.26766645512387993,6.249219e-05
164,-1.6751432307009187e-05,-0.5361128385783385,3.1246094e-05
2499,-1.68289168128989e-05,-0.5385926527003221,3.1246094e-05
2257,-1.6913249260540728e-05,-0.13532290708743544,0.00012498438
1326,-1.7058075651290792e-05,-0.5459266521508758,3.1246094e-05
362,-1.7091399061418767e-05,-0.36466210386363523,4.686914e-05
659,-1.7136882681865364e-05,-0.04985898059524743,0.00034370704
1563,-1.7140720322303448e-05,-0.10971432499423572,0.00015623047
1555,-1.7233567433184698e-05,-0.1225651266051175,0.00014060743
2286,-1.731132738068219e-05,-0.554031720483575,3.1246094e-05
216,-1.7413567619141913e-05,-0.37153589246548435,4.686914e-05
2428,-1.7513507172187443e-05,-0.5605022825191392,3.1246094e-05
1621,-1.7513889688454703e-05,-0.3736763642155202,4.686914e-05
860,-1.7552487426273213e-05,-0.5617498065686309,3.1246094e-05
420,-1.7562509788535393e-05,-0.5620705622498863,3.1246094e-05
1587,-1.7608709082877272e-05,-0.5635491244633143,3.1246094e-05
1612,-1.7641087382753017e-05,-0.0940975635803646,0.00018747656
1319,-1.7650079507623692e-05,-0.22594926267524496,7.8115234e-05
405,-1.7718424590675687e-05,-0.22682418910922542,7.8115234e-05
469,-1.78304340881938e-05,-0.1426613028801392,0.00012498438
942,-1.8006187354432356e-05,-0.3841800276053601,4.686914e-05
1412,-1.80336887997792e-05,-0.19238339923249276,9.373828e-05
1235,-1.8068080853402353e-05,-0.2891254292902284,6.249219e-05
2637,-1.819737486553593e-05,-0.07279859801715662,0.00024996875
1804,-1.843557073592366e-05,-0.5900120047592752,3.1246094e-05
781,-1.8514755497282477e-05,-0.14813655846429827,0.00012498438
1284,-1.8535672259848484e-05,-0.3954771179652089,4.686914e-05
1730,-1.858390385751803e-05,-0.5947592579741463,3.1246094e-05
1741,-1.861431469327466e-05,-0.17020929041463084,0.00010936133
2003,-1.8951381689005376e-05,-0.3032600092358373,6.249219e-05
832,-1.8958485962269927e-05,-0.07584342295410246,0.00024996875
869,-1.8962118396821124e-05,-0.4045757730802252,4.686914e-05
353,-1.899316633419346e-05,-0.060785730840839144,0.00031246094
465,-1.902378138210577e-05,-0.6088370982454447,3.1246094e-05
558,-1.9132785537530784e-05,-0.07654070840366517,0.00024996875
1731,-1.9169440777992975e-05,-0.40899920356853475,4.686914e-05
2711,-1.9196752258357356e-05,-0.30718642907946553,6.249219e-05
2251,-1.921983490255373e-05,-0.20503720632496802,9.373828e-05
44,-1.9235434670400308e-05,-0.6156108500717018,3.1246094e-05
2374,-1.9245859276140052e-05,-0.20531483435265666,9.373828e-05
1779,-1.9273417623622936e-05,-0.17623612749852932,0.00010936133
1236,-1.9390393741193498e-05,-0.4137134561657659,4.686914e-05
534,-1.9412768750635405e-05,-0.41419084938487766,4.686914e-05
667,-1.9483793169368672e-05,-0.41570622643902594,4.686914e-05
1282,-1.9509960492263916e-05,-0.13875483338351816,0.00014060743
457,-1.9531116821738708e-05,-0.3125369308129614,6.249219e-05
2413,-1.9563689050120034e-05,-0.25044652712034854,7.8115234e-05
1658,-1.9574897689754575e-05,-0.4176500325578828,4.686914e-05
1424,-1.957575930346762e-05,-0.4176684159487444,4.686914e-05
1630,-1.9641684161769197e-05,-0.4190749887774973,4.686914e-05
1050,-1.9866961080881802e-05,-0.0374013063654176,0.0005311836
156,-1.990805095573554e-05,-0.03861437908391597,0.00051556056
1739,-1.997906268005466e-05,-0.42627329710990836,4.686914e-05
751,-2.001698864732399e-05,-0.06743407694561715,0.00029683788
2125,-2.018946834558031e-05,-0.4307625125556241,4.686914e-05
1126,-2.025918247494603e-05,-0.6483748747487856,3.1246094e-05
169,-2.0300159609254103e-05,-0.1082810553611825,0.00018747656
482,-2.0354812753117735e-05,-0.4342903009653388,4.686914e-05
1792,-2.0415700866599945e-05,-0.6533840893461659,3.1246094e-05
1087,-2.0444445742479446e-05,-0.32715202017607004,6.249219e-05
1404,-2.0471294561357603e-05,-0.03541423129867,0.0005780528
1027,-2.0594826684514266e-05,-0.2636467389441785,7.8115234e-05
868,-2.0662909608010695e-05,-0.6612957578918843,3.1246094e-05
1184,-2.0680495825272135e-05,-0.441239075249867,4.686914e-05
2687,-2.069136104664468e-05,-0.6622063177322701,3.1246094e-05
79,-2.0712639802957553e-05,-0.18939637486353444,0.00010936133
2564,-2.0804792940407182e-05,-0.4438910785964886,4.686914e-05
1581,-2.0894354118870193e-05,-0.1337405847150715,0.00015623047
727,-2.0941902101698352e-05,-0.08377807920545283,0.00024996875
138,-2.1002584893729434e-05,-0.02635947986109258,0.0007967754
2349,-2.1025679433912373e-05,-0.672905843378923,3.1246094e-05
56,-2.108485055577443e-05,-0.0749777255300678,0.00028121486
1882,-2.113760793398046e-05,-0.6764880030885861,3.1246094e-05
1068,-2.11583373876174e-05,-0.45143430320119693,4.686914e-05
2013,-2.126929810907995e-05,-0.17017565386120095,0.00012498438
1105,-2.1271832435604202e-05,-0.4538558336346181,4.686914e-05
1094,-2.1287026637657542e-05,-0.6812699992723691,3.1246094e-05
1622,-2.130432199689537e-05,-0.6818235199484096,3.1246094e-05
975,-2.1415992551341627e-05,-0.6853974243664068,3.1246094e-05
737,-2.1445114154195454e-05,-1.3726588642848907,1.5623047e-05
1276,-2.1524427730520368e-05,-0.27554711995019554,7.8115234e-05
2521,-2.1561043444840365e-05,-0.6900396331534963,3.1246094e-05
181,-2.1583106299116607e-05,-0.03837476144070317,0.0005624297
654,-2.1616503558975345e-05,-0.27672583790104827,7.8115234e-05
1454,-2.1646515258368567e-05,-0.6927750730686771,3.1246094e-05
2094,-2.1699813788947013e-05,-0.6944808392382069,3.1246094e-05
2033,-2.171800583456293e-05,-0.34753152873251986,6.249219e-05
1182,-2.1781559159555416e-05,-0.058091420427392196,0.00037495312
432,-2.1914056666905506e-05,-0.7013374682919185,3.1246094e-05
2135,-2.1928362238455564e-05,-0.0222792161172674,0.000984252
105,-2.1966831104193576e-05,-0.15622809646564162,0.00014060743
2086,-2.2022232129828126e-05,-0.029366647631426542,0.00074990623
2043,-2.2027205618410666e-05,-0.05035419111455988,0.00043744533
1269,-2.213245731310954e-05,-0.35416358128015907,6.249219e-05
136,-2.2133810217197163e-05,-0.7083704609026596,3.1246094e-05
1717,-2.2167449119634826e-05,-0.7094470403343164,3.1246094e-05
2290,-2.21930603231437e-05,-0.08878333766124041,0.00024996875
1712,-2.2223110356321687e-05,-0.15805075443272407,0.00014060743
1818,-2.2232561523590182e-05,-0.4743539502141322,4.686914e-05
2321,-2.2244167080764445e-05,-0.35595116097892127,6.249219e-05
2238,-2.2356070115541385e-05,-0.1788709166690823,0.00012498438
1593,-2.2383328558979112e-05,-0.4775707158001816,4.686914e-05
600,-2.240528076884079e-05,-0.47803908816711593,4.686914e-05
726,-2.2411344879516593e-05,-0.0956336929228403,0.0002343457
1,-2.2445213352198433e-05,-0.2394455448985755,9.373828e-05
1542,-2.253057961552992e-05,-0.36053433435190163,6.249219e-05
1769,-2.2549548274694058e-05,-0.053457462115449286,0.00042182227
1370,-2.2583932296889188e-05,-0.0380408525746611,0.00059367577
698,-2.270219322878291e-05,-0.36328049538618074,6.249219e-05
2177,-2.2741016300437645e-05,-0.7278034843553396,3.1246094e-05
685,-2.2771094973217133e-05,-0.29150645566690125,7.8115234e-05
2220,-2.2800385220369765e-05,-0.2918814177028997,7.8115234e-05
244,-2.3013055228873935e-05,-0.49100656452606267,4.686914e-05
1927,-2.3027844833062196e-05,-0.1842457861741895,0.00012498438
1034,-2.3040531175590498e-05,-0.0819321255315838,0.00028121486
1427,-2.3061887814109246e-05,-0.18451816406505148,0.00012498438
2486,-2.307946786273907e-05,-0.07386353053353745,0.00031246094
808,-2.308400631421119e-05,-0.1343237325302788,0.00017185352
11,-2.3118637146649867e-05,-0.49325926040705936,4.686914e-05
2241,-2.315131400145255e-05,-0.022797989168405683,0.0010154981
2508,-2.3158862542484903e-05,-0.18529405886537378,0.00012498438
510,-2.3181902761113477e-05,-0.21197531493628946,0.00010936133
1239,-2.321863590763964e-05,-0.7430892222364276,3.1246094e-05
2591,-2.3317384559577644e-05,-0.37312478704365143,6.249219e-05
2475,-2.345155607675679e-05,-0.7505435993152935,3.1246094e-05
212,-2.3494564566118148e-05,-0.024255485531564515,0.0009686289
2399,-2.3587813887616312e-05,-0.21568696620854463,0.00010936133
1069,-2.360841422686838e-05,-0.30222548205454824,7.8115234e-05
2365,-2.368427364983014e-05,-0.18949787312759633,0.00012498438
1386,-2.3700790649916743e-05,-0.7585201025801954,3.1246094e-05
954,-2.3833522899823075e-05,-0.25425603170048944,9.373828e-05
851,-2.3896436221581067e-05,-0.16995144750293614,0.00014060743
795,-2.391856869305683e-05,-0.13917997508323987,0.00017185352
1413,-2.3956226004311134e-05,-0.7666950556473634,3.1246094e-05
1677,-2.4047462602844634e-05,-0.03754219525215126,0.0006405449
1447,-2.4186207199403273e-05,-0.38702768690085193,6.249219e-05
852,-2.420778217765016e-05,-0.5164972596480777,4.686914e-05
1010,-2.4227003304641673e-05,-0.38768050617568933,6.249219e-05
616,-2.429469365734808e-05,-0.12958790076187662,0.00018747656
1315,-2.4297258440670734e-05,-0.31104379033126295,7.8115234e-05
949,-2.4306351580823717e-05,-0.2593001682559918,9.373828e-05
1303,-2.431178415830331e-05,-0.5187162459893757,4.686914e-05
1819,-2.4333288721315826e-05,-0.38938128541021544,6.249219e-05
2302,-2.4542235749212584e-05,-0.06041920911720582,0.00040619922
2710,-2.454729144362264e-05,-0.7856115139326799,3.1246094e-05
1806,-2.4571806968779673e-05,-0.7863961087983785,3.1246094e-05
1045,-2.467896294036318e-05,-0.08775838865040052,0.00028121486
1505,-2.4692107453438756e-05,-0.31609848956162323,7.8115234e-05
1573,-2.4710074095537257e-05,-0.3163284913320488,7.8115234e-05
365,-2.4728879276610375e-05,-0.1438950986458553,0.00017185352
463,-2.474505922143905e-05,-0.5279606030783977,4.686914e-05
977,-2.474536372180892e-05,-0.31678025502142615,7.8115234e-05
1933,-2.4760738748188674e-05,-0.15848853998167722,0.00015623047
2410,-2.4881078633740745e-05,-0.7962940391457883,3.1246094e-05
1860,-2.4900783707194358e-05,-0.7969246803154507,3.1246094e-05
729,-2.503713624522538e-05,-0.5341923586884214,4.686914e-05
2734,-2.5325060116831274e-05,-0.18011182023315037,0.00014060743
2084,-2.5380109599275294e-05,-0.16245300901041768,0.00015623047
171,-2.542494957249432e-05,-0.5424667441451091,4.686914e-05
2541,-2.5459060380814692e-05,-0.3259167143674867,7.8115234e-05
585,-2.551095764573464e-05,-0.14844594152130938,0.00017185352
604,-2.5535419771869695e-05,-0.16344711838450043,0.00015623047
480,-2.563651598181345e-05,-0.8204710559895294,3.1246094e-05
2392,-2.5641294432602177e-05,-0.41031199276414687,6.249219e-05
1771,-2.565224763065475e-05,-0.20524363291953265,0.00012498438
2533,-2.5656628876151715e-05,-0.20527868726469012,0.00012498438
740,-2.5822891425412586e-05,-0.18365239635593078,0.00014060743
2516,-2.5825014283603147e-05,-0.5510025251370738,4.686914e-05
1845,-2.586577862192762e-05,-0.5518722730917376,4.686914e-05
1533,-2.6076039805661818e-05,-0.23843930358333051,0.00010936133
119,-2.6142536507541777e-05,-0.3346663025392234,7.8115234e-05
1457,-2.6175097958186182e-05,-0.5584719106942773,4.686914e-05
2706,-2.6253183317565908e-05,-0.42010343868352595,6.249219e-05
2194,-2.6279200103286212e-05,-0.33641581526406217,7.8115234e-05
46,-2.6303301297925064e-05,-0.1122414497079914,0.0002343457
143,-2.6345866743423306e-05,-0.24090660105669542,0.00010936133
2048,-2.657554503410465e-05,-0.34020950461186655,7.8115234e-05
277,-2.6600672451349384e-05,-0.4256639597922146,6.249219e-05
580,-2.6683379477048954e-05,-0.42698743761505176,6.249219e-05
2644,-2.6737718961469442e-05,-0.24448969767239462,0.00010936133
1676,-2.6754412103035678e-05,-0.09013139369652644,0.00029683788
1685,-2.7187267581394443e-05,-0.13386174121307623,0.00020309961
291,-2.7334017093318798e-05,-0.5831986102761313,4.686914e-05
2163,-2.7339688914543017e-05,-0.14582990606456192,0.00018747656
2526,-2.735010283375433e-05,-0.5835418156467593,4.686914e-05
2240,-2.746600318542957e-05,-0.13523414957233904,0.00020309961
233,-2.7512043889674982e-05,-0.1173993962062322,0.0002343457
978,-2.7539300724602584e-05,-0.5875785419952201,4.686914e-05
2744,-2.7603945421431842e-05,-0.35337467529289085,7.8115234e-05
499,-2.783920176886074e-05,-0.059397722169131306,0.0004686914
1787,-2.7992274975251996e-05,-0.44793238333919816,6.249219e-05
2190,-2.807161861841278e-05,-0.2566868759104243,0.00010936133
1398,-2.8527931752913567e-05,-0.2282519815398735,0.00012498438
2386,-2.8601157593773663e-05,-0.05384420159758217,0.0005311836
623,-2.867021458821772e-05,-0.04369340719521443,0.000656168
1605,-2.869183909628589e-05,-0.30608455080154184,9.373828e-05
926,-2.8732601900899373e-05,-0.6130388168344886,4.686914e-05
1223,-2.8779693321455823e-05,-0.3684261299329472,7.8115234e-05
573,-2.880859595311187e-05,-0.23049757580157543,0.00012498438
1348,-2.886857365614412e-05,-0.46195491480532713,6.249219e-05
2197,-2.8889888324899748e-05,-0.3081973400505486,9.373828e-05
2579,-2.9063510026274397e-05,-0.2657567307765555,0.00010936133
530,-2.9125437149723887e-05,-0.23303262221105694,0.00012498438
1538,-2.91639249101074e-05,-0.6222415248993681,4.686914e-05
1089,-2.9174076402114228e-05,-0.4668435697374484,6.249219e-05
1243,-2.918842242020534e-05,-0.03459800982995584,0.00084364455
2500,-2.9237866711568503e-05,-0.06931323559258461,0.00042182227
2571,-2.9455081797345656e-05,-0.1450277607031241,0.00020309961
952,-2.951153349340979e-05,-0.6296581019070543,4.686914e-05
591,-2.9578239423676936e-05,-0.4733109863967307,6.249219e-05
2137,-2.9682135502898257e-05,-0.4749735314534061,6.249219e-05
974,-2.9720422493126005e-05,-0.07316710832758995,0.00040619922
584,-2.9791166894583328e-05,-0.6356243603751905,4.686914e-05
1204,-2.9959245097192558e-05,-0.639210477038715,4.686914e-05
140,-2.998441982750799e-05,-0.01958411020523073,0.0015310586
1805,-3.0037969550950315e-05,-0.4806675878799777,6.249219e-05
234,-3.0105975322305233e-05,-0.9635116324624392,3.1246094e-05
437,-3.014155711849887e-05,-0.3858601658914297,7.8115234e-05
1942,-3.026464007190094e-05,-0.08422517518116934,0.0003593301
671,-3.0310241975113055e-05,-0.027715684381845906,0.0010936133
794,-3.0329346426842816e-05,-0.9706604012790565,3.1246094e-05
295,-3.0349594421901607e-05,-0.215846306758956,0.00014060743
422,-3.041128748292167e-05,-0.2780808076127364,0.00010936133
266,-3.0429502673267502e-05,-0.3895463297844866,7.8115234e-05
93,-3.0464240279255072e-05,-0.03611027925627742,0.00084364455
361,-3.0721453325344574e-05,-0.6554729523961312,4.686914e-05
2032,-3.076217874092347e-05,-0.3281709349475323,9.373828e-05
1784,-3.0763260098439995e-05,-0.49227368719979614,6.249219e-05
1911,-3.078452272715248e-05,-0.6568186012028815,4.686914e-05
1654,-3.084704024562433e-05,-0.6581524750263381,4.686914e-05
1160,-3.0849424143555336e-05,-0.03184854772963919,0.0009686289
1499,-3.094309220993522e-05,-0.6602018398126833,4.686914e-05
1754,-3.116227392658013e-05,-0.3989269744622677,7.8115234e-05
273,-3.13300839044637e-05,-0.5013440017272887,6.249219e-05
2139,-3.146724670510661e-05,-0.3356926002676717,9.373828e-05
2427,-3.1552472780040424e-05,-0.5049026685077943,6.249219e-05
1295,-3.1696526049276855e-05,-0.028983302499004143,0.0010936133
412,-3.198727327598528e-05,-0.5118603460312479,6.249219e-05
2222,-3.2138478762107964e-05,-0.25713996810789097,0.00012498438
1931,-3.2160535134001575e-05,-0.12109008745983618,0.0002655918
2352,-3.222096044485469e-05,-0.02546171939433751,0.0012654668
2150,-3.233395178275826e-05,-0.6898772207561569,4.686914e-05
1665,-3.247360610331637e-05,-0.18896095942540692,0.00017185352
326,-3.251822125677126e-05,-0.2973466096853278,0.00010936133
1186,-3.259422949761131e-05,-0.004164254213169724,0.007827147
1855,-3.2793575452847926e-05,-0.5247627934419345,6.249219e-05
758,-3.28377112331669e-05,-0.025632637154064677,0.0012810898
1995,-3.2960998354022156e-05,-0.23441861076962417,0.00014060743
796,-3.312886294057637e-05,-0.5301280638108057,6.249219e-05
1100,-3.3211272700069846e-05,-0.23619856184639781,0.00014060743
23,-3.344050298994996e-05,-0.1528899768489516,0.00021872266
383,-3.3714812129129316e-05,-0.3596696290980795,9.373828e-05
1948,-3.3924871367438466e-05,-0.43429264262035405,7.8115234e-05
1594,-3.431971007151874e-05,-0.7322453611723889,4.686914e-05
1939,-3.432553399944552e-05,-0.4394217654803624,7.8115234e-05
663,-3.44575862762909e-05,-0.735187087986225,4.686914e-05
1049,-3.4665848204694254e-05,-0.0357885747234046,0.0009686289
494,-3.501026629000965e-05,-0.08963748691188413,0.00039057617
1909,-3.516856192221382e-05,-0.250118802228721,0.00014060743
985,-3.538419091473498e-05,-0.4529742681380633,7.8115234e-05
2169,-3.5384511352095906e-05,-0.059602418306793914,0.00059367577
799,-3.60280508363192e-05,-0.38434726053923063,9.373828e-05
2341,-3.603372641205626e-05,-0.23064468096953566,0.00015623047
81,-3.606886105883852e-05,-0.25652172942825174,0.00014060743
285,-3.6086101827614835e-05,-0.28872490019755875,0.00012498438
989,-3.616902743615949e-05,-0.5787767759806354,6.249219e-05
908,-3.617262466000697e-05,-0.13619631220318787,0.0002655918
2157,-3.618115716920377e-05,-0.1654202475252936,0.00021872266
1262,-3.6300564470011445e-05,-0.7745088721819975,4.686914e-05
1833,-3.634821915512524e-05,-0.5816442018623095,6.249219e-05
1153,-3.636593849204911e-05,-0.17905469289325485,0.00020309961
2469,-3.6368916262357194e-05,-0.04750819713866092,0.0007655293
507,-3.6633854734290235e-05,-0.16748998075467855,0.00021872266
713,-3.663732421593583e-05,-0.39084698919341215,9.373828e-05
2480,-3.6691197863876384e-05,-0.4697060486573728,7.8115234e-05
75,-3.6825795980407204e-05,-0.10248458631151933,0.0003593301
820,-3.692437749108953e-05,-0.2626061620472168,0.00014060743
762,-3.69950761652235e-05,-0.19733174356479447,0.00018747656
661,-3.701475698255355e-05,-0.047384812315994826,0.00078115234
2698,-3.712897696016672e-05,-0.06254083302331913,0.00059367577
1302,-3.7155714571121417e-05,-0.008116938326023077,0.004577553
1371,-3.729295785703285e-05,-0.12563409181915128,0.00029683788
17,-3.734483924076961e-05,-0.7967895195150765,4.686914e-05
1091,-3.75393785396077e-05,-0.30035256714906305,0.00012498438
1461,-3.769735257699441e-05,-0.4825864391093277,7.8115234e-05
1865,-3.788312197023854e-05,-0.26942475250589243,0.00014060743
5,-3.79183650512822e-05,-0.1866983636557621,0.00020309961
1085,-3.802251327914957e-05,-0.07605453204827653,0.0004999375
1798,-3.802631322641186e-05,-0.14317577662111522,0.0002655918
883,-3.809090792270816e-05,-0.11082376382160868,0.00034370704
1336,-3.828266597647335e-05,-0.15314980496030375,0.00024996875
1340,-3.832878353449277e-05,-0.35047839017243476,0.00010936133
717,-3.837001124674712e-05,-0.30699845942679677,0.00012498438
286,-3.844249396038386e-05,-0.22369337480870946,0.00017185352
885,-3.852932427023839e-05,-1.2330924917017272,3.1246094e-05
582,-3.860414516426607e-05,-0.1372763346267372,0.00028121486
1663,-3.8658034277179946e-05,-0.040564319606866746,0.00095300586
1650,-3.873365780422233e-05,-0.02137296460815745,0.0018122735
2464,-3.875603804825802e-05,-0.6201741197201347,6.249219e-05
2254,-3.8763905503970126e-05,-0.49624002335240125,7.8115234e-05
1349,-3.881103757400354e-05,-0.3105271110647568,0.00012498438
1822,-3.8891945291131074e-05,-0.045261738242135294,0.0008592676
620,-3.896690179100752e-05,-0.07794354516568432,0.0004999375
589,-3.9183845746101896e-05,-0.06600209740891952,0.00059367577
435,-3.926249074800685e-05,-0.8377045335869762,4.686914e-05
772,-3.94297995748554e-05,-0.14021236159150516,0.00028121486
642,-3.971073421246556e-05,-0.635451167711995,6.249219e-05
2615,-3.975482516993293e-05,-0.4241044906008804,9.373828e-05
1886,-3.9929627534911184e-05,-0.18255825372108034,0.00021872266
1786,-4.000039464904672e-05,-0.2133621129504864,0.00018747656
2741,-4.016537038527562e-05,-0.12854525414051518,0.00031246094
777,-4.0300081832355796e-05,-0.8598425777815529,4.686914e-05
1061,-4.059937594988501e-05,-0.6496712127683149,6.249219e-05
841,-4.083569006728959e-05,-0.006469828951227006,0.006311711
2439,-4.096830997562021e-05,-0.29136660870869235,0.00014060743
1811,-4.107667094013622e-05,-0.3286544435942109,0.00012498438
1271,-4.112423817415727e-05,-0.006784227638892355,0.006061742
35,-4.11957016822031e-05,-0.10986894045059419,0.00037495312
880,-4.1237381314152134e-05,-0.8798408002649133,4.686914e-05
1388,-4.130588568464122e-05,-0.33048839076165953,0.00012498438
1301,-4.139411811385415e-05,-0.3311943384265081,0.00012498438
2703,-4.141339997374447e-05,-0.5301577924847768,7.8115234e-05
2409,-4.1625698152848815e-05,-0.29604195323518784,0.00014060743
774,-4.164256827340261e-05,-0.2665457567263293,0.00015623047
864,-4.1718248865874925e-05,-0.2967001738794867,0.00014060743
1071,-4.188492707190266e-05,-0.3351213008927111,0.00012498438
2623,-4.206655497340901e-05,-0.29917732681562503,0.00014060743
1799,-4.216787534538338e-05,-0.05092606351183046,0.0008280215
1324,-4.2193681130996014e-05,-0.22506110347796093,0.00018747656
831,-4.2336035317587636e-05,-0.38712069980093655,0.00010936133
2159,-4.253043512866312e-05,-0.388898291640611,0.00010936133
858,-4.267371949250968e-05,-0.18209729972751737,0.0002343457
1316,-4.306600481377462e-05,-0.15314270689575557,0.00028121486
1142,-4.3188247991459474e-05,-0.691098343102234,6.249219e-05
755,-4.319545545693703e-05,-0.5529709544481445,7.8115234e-05
1330,-4.324293255380773e-05,-0.013243509776222046,0.003265217
2045,-4.352147533696569e-05,-0.06632672866062203,0.000656168
2587,-4.3650017576141243e-05,-0.34924378999143535,0.00012498438
759,-4.3890571168473746e-05,-0.12769762020481173,0.00034370704
1944,-4.4194742154558055e-05,-0.20205835740229328,0.00021872266
1517,-4.438364958867343e-05,-0.9469695826532584,4.686914e-05
290,-4.467898954156802e-05,-0.023831773533068715,0.0018747656
1984,-4.473776517782968e-05,-0.7158937170734275,6.249219e-05
1954,-4.475870133935078e-05,-0.7162287375294787,6.249219e-05
2049,-4.477814312878322e-05,-0.5732318893829919,7.8115234e-05
1606,-4.480459161243376e-05,-0.12468922704888315,0.0003593301
718,-4.5073025126436597e-05,-0.3606292733806384,0.00012498438
1242,-4.5084224525975324e-05,-1.4428755191047389,3.1246094e-05
2678,-4.519182383087996e-05,-0.5785276643726378,7.8115234e-05
1420,-4.5451177907984727e-05,-0.41560556312192976,0.00010936133
1339,-4.5502003091089185e-05,-0.9708307738634494,4.686914e-05
347,-4.5527476501027234e-05,-0.2914122778435182,0.00015623047
502,-4.556780747503871e-05,-0.41667202386339325,0.00010936133
2379,-4.557303175343715e-05,-0.5834077358188063,7.8115234e-05
1506,-4.581964378291538e-05,-0.2666203384435909,0.00017185352
617,-4.5862937451318255e-05,-0.32617719790153926,0.00014060743
572,-4.5883595621308284e-05,-0.29369172515754605,0.00015623047
1482,-4.5975386554680666e-05,-0.4203989268988711,0.00010936133
2567,-4.610278586144538e-05,-0.9836490755259307,4.686914e-05
920,-4.61686680742842e-05,-0.5910328339074499,7.8115234e-05
380,-4.641789859432568e-05,-0.1980744611337681,0.0002343457
2218,-4.650891080833744e-05,-0.13531556027706768,0.00034370704
2446,-4.666142585749956e-05,-0.4266720701680961,0.00010936133
1078,-4.673134981446487e-05,-0.04673719114817722,0.000999875
8,-4.675487199565115e-05,-0.04906042446988305,0.00095300586
1394,-4.6831627542054474e-05,-0.053528549292868655,0.00087489065
1778,-4.7110332864337643e-05,-0.1773787128552312,0.0002655918
1749,-4.718306816005545e-05,-0.43144196729465384,0.00010936133
505,-4.72708839643197e-05,-0.12102859222964601,0.00039057617
1890,-4.7539838476232835e-05,-1.0143100312492142,4.686914e-05
704,-4.758358640580711e-05,-0.03669554485578258,0.0012967129
1636,-4.769164303264628e-05,-0.028798553664027504,0.001656043
1748,-4.788553658870333e-05,-0.07859121848842147,0.0006092988
1735,-4.790773181371369e-05,-0.3833097615442868,0.00012498438
2162,-4.802118029523674e-05,-0.38421746284330166,0.00012498438
2506,-4.8033052869110896e-05,-0.192156227653348,0.00024996875
2196,-4.8553181443751944e-05,-0.258982679400993,0.00018747656
1957,-4.860232059540757e-05,-0.22220980566202617,0.00021872266
320,-4.860594837642581e-05,-0.05018015440441763,0.0009686289
1686,-4.873690867992105e-05,-0.06239104235503533,0.00078115234
602,-4.895998085185425e-05,-0.009244337425707998,0.005296213
2535,-4.900058655662666e-05,-0.3484921574318593,0.00014060743
811,-4.928349568326618e-05,-0.24265677032376365,0.00020309961
490,-4.928713241950035e-05,-0.15022718017427691,0.000328084
577,-4.939833072188672e-05,-0.6323776841445475,7.8115234e-05
1214,-4.946140288142294e-05,-0.012223650061706094,0.0040463693
930,-4.954860391858718e-05,-0.04118840459403907,0.0012029746
2397,-4.974964509781637e-05,-0.5307292335356935,9.373828e-05
2403,-5.009747203984569e-05,-0.18862581874168,0.0002655918
2463,-5.059094856321652e-05,-0.06109859314825975,0.0008280215
2740,-5.1035975516946954e-05,-0.07967587222755822,0.0006405449
1597,-5.1346559188992155e-05,-0.41082381932384204,0.00012498438
936,-5.1414110964112525e-05,-0.1495870169896355,0.00034370704
2180,-5.152477898973153e-05,-0.29981800115163093,0.00017185352
1172,-5.2040535048398385e-05,-0.5551684484325325,9.373828e-05
1592,-5.2217148096058974e-05,-0.10128227799624419,0.00051556056
2395,-5.285405653061932e-05,-0.3383082523036465,0.00015623047
2148,-5.29342526638419e-05,-0.024731501787481985,0.0021403574
776,-5.315269264536089e-05,-0.48602821258107076,0.00010936133
592,-5.359949016946639e-05,-0.3811995585975082,0.00014060743
2385,-5.367242636230371e-05,-0.42943308254365775,0.00012498438
2284,-5.391326736095355e-05,-1.150293514963776,4.686914e-05
1600,-5.4134099626484085e-05,-0.3465015523275431,0.00015623047
1203,-5.441704728104462e-05,-0.09675350613470424,0.0005624297
1250,-5.4494325127652594e-05,-0.2683132913589002,0.00020309961
1884,-5.4553564208786514e-05,-0.3879849328894703,0.00014060743
906,-5.469187034758484e-05,-0.17503586561790288,0.00031246094
2652,-5.506543100515397e-05,-0.08010518327409293,0.0006874141
2596,-5.567574849880174e-05,-0.15494318318386546,0.0003593301
1121,-5.5699730472629626e-05,-0.35652284246267835,0.00015623047
810,-5.5702688626211646e-05,-0.23769451800835506,0.0002343457
489,-5.5776683621868684e-05,-0.8925384896936246,6.249219e-05
849,-5.581778486466926e-05,-0.32479861175478464,0.00017185352
2440,-5.587626542583697e-05,-0.39739198356293454,0.00014060743
109,-5.705071791942473e-05,-0.15876966319636832,0.0003593301
1832,-5.709039723699813e-05,-0.13534230088669857,0.00042182227
1132,-5.7383408436805694e-05,-0.7345994572142476,7.8115234e-05
2339,-5.7412154991958116e-05,-0.2041576148566941,0.00028121486
720,-5.767798203099717e-05,-0.9229630667811566,6.249219e-05
1149,-5.7805399270650646e-05,-0.9250019974463828,6.249219e-05
315,-5.8085101941799414e-05,-0.16899596177161358,0.00034370704
376,-5.872376646562457e-05,-0.20882170506755493,0.00028121486
1202,-5.937954141540963e-05,-0.6334609712519248,9.373828e-05
855,-5.942875704117667e-05,-0.38039159623502444,0.00015623047
556,-5.947924652902495e-05,-0.47589345061308347,0.00012498438
549,-5.983927867424949e-05,-0.015892914967869255,0.0037651544
67,-6.010399683101448e-05,-0.12022301944255231,0.0004999375
1695,-6.027824843220041e-05,-0.09645725521185358,0.0006249219
2412,-6.039856735169187e-05,-0.3865991582038278,0.00015623047
943,-6.075219705360422e-05,-0.121519581935429,0.0004999375
2207,-6.0852814166093e-05,-0.021639260286185655,0.0028121485
1687,-6.094912262305526e-05,-0.43347014248373344,0.00014060743
813,-6.0955462576394474e-05,-1.3005457976384012,4.686914e-05
1750,-6.128009381796826e-05,-0.43582400952631956,0.00014060743
2035,-6.130041274730496e-05,-0.16348820684464946,0.00037495312
806,-6.130955103907854e-05,-0.093435756131631,0.000656168
1988,-6.143979925522211e-05,-0.561805514023412,0.00010936133
1674,-6.19752375438589e-05,-0.01819683930197418,0.0034058243
1537,-6.203233861491213e-05,-0.3609605346194808,0.00017185352
1147,-6.204478247895423e-05,-0.18051647216609165,0.00034370704
953,-6.265708803712707e-05,-0.006276298799288629,0.009983127
1711,-6.267411551468948e-05,-0.25072779866044403,0.00024996875
247,-6.28702327902465e-05,-0.6706996682161799,9.373828e-05
2092,-6.314899272448039e-05,-0.15546310596758506,0.00040619922
840,-6.320961189518892e-05,-0.13051357665854202,0.00048431446
269,-6.344148837101533e-05,-0.6767938229772505,9.373828e-05
618,-6.367626208434905e-05,-0.679298389043741,9.373828e-05
471,-6.376897937344437e-05,-0.4081724919357756,0.00015623047
200,-6.378371968380388e-05,-0.1701111866892825,0.00037495312
225,-6.411859276890751e-05,-0.04772212636481803,0.0013435821
1040,-6.412186077379961e-05,-0.06514781078887491,0.000984252
2199,-6.444376092300164e-05,-0.07638733747905138,0.00084364455
1406,-6.449918529464776e-05,-0.2172875801011337,0.00029683788
1838,-6.457398947220222e-05,-0.826650401373036,7.8115234e-05
2621,-6.475052907156644e-05,-0.690758669687303,9.373828e-05
1473,-6.486051422682125e-05,-0.059308452325481605,0.0010936133
2291,-6.528037736092068e-05,-0.1899302882859139,0.00034370704
193,-6.543309376661503e-05,-0.19944007054361476,0.000328084
15,-6.545256190696376e-05,-1.0473718937300758,6.249219e-05
1208,-6.5836171779315e-05,-0.1453117778329198,0.00045306838
52,-6.587249109361576e-05,-0.1833202737187326,0.0003593301
742,-6.603425700831446e-05,-0.24863062517974913,0.0002655918
13,-6.621097221472224e-05,-0.09631890583985032,0.0006874141
210,-6.624013833179737e-05,-0.008760121595670045,0.0075615547
964,-6.627000000977404e-05,-1.0604525382274523,6.249219e-05
207,-6.631358957236577e-05,-1.0611500584067763,6.249219e-05
1702,-6.709727939191363e-05,-0.21473813757566085,0.00031246094
2144,-6.750501337387011e-05,-0.02139040085570027,0.0031558555
2369,-6.78909239270271e-05,-0.43455623520072745,0.00015623047
160,-6.904717723076934e-05,-0.36829765697261074,0.00018747656
1707,-6.949169698975495e-05,-0.11705328220074498,0.00059367577
57,-6.952696828115642e-05,-0.22251411406372024,0.00031246094
1709,-6.982430244119084e-05,-0.14417141912528028,0.00048431446
1566,-7.024537995121467e-05,-0.022823686456235046,0.0030777403
450,-7.028881534799062e-05,-0.49989403444474095,0.00014060743
1114,-7.087153215826688e-05,-0.22681725638840006,0.00031246094
2249,-7.20581730295165e-05,-0.6588999220239905,0.00010936133
1487,-7.2390091053709e-05,-0.1930643799818803,0.00037495312
1967,-7.245895960623759e-05,-0.25766404989116176,0.00028121486
2600,-7.279800939367806e-05,-0.4659655085299293,0.00015623047
2443,-7.362104043794731e-05,-0.21419706808648034,0.00034370704
1019,-7.423689210763597e-05,-0.6788221289067138,0.00010936133
705,-7.428979686868339e-05,-0.2264353016992842,0.000328084
1560,-7.44451098974453e-05,-0.1537123432044571,0.00048431446
1144,-7.458832286022244e-05,-0.14467422152786683,0.00051556056
838,-7.50871320098845e-05,-0.08738503792863922,0.0008592676
614,-7.513293143558393e-05,-0.08905756751561511,0.00084364455
2307,-7.520330837175928e-05,-0.3438295195314001,0.00021872266
982,-7.536284512859342e-05,-0.4019854307857477,0.00018747656
1758,-7.552694986901701e-05,-0.8057215310070933,9.373828e-05
2630,-7.634866379373662e-05,-0.07635820723781607,0.000999875
1660,-7.638051286851786e-05,-0.18107273473010527,0.00042182227
403,-7.641907200594183e-05,-0.5434924180247335,0.00014060743
2017,-7.646356103256687e-05,-0.07768697829849448,0.000984252
2649,-7.660985856349258e-05,-0.44578579691905207,0.00017185352
1009,-7.718328692871361e-05,-0.12049629002179267,0.0006405449
293,-7.866294895129539e-05,-0.08533996909080721,0.00092175975
1294,-7.875162634243806e-05,-0.028969735954185668,0.0027184102
1173,-7.898454326444695e-05,-0.31597766475466,0.00024996875
189,-7.908954235154758e-05,-0.07788251369886029,0.0010154981
1520,-7.913097148921298e-05,-0.7235735899461077,0.00010936133
2344,-7.959955504527455e-05,-0.2215220948309226,0.0003593301
1793,-8.03027078132913e-05,-0.10936203291137055,0.00073428324
1776,-8.086455353106276e-05,-0.5175978453528919,0.00015623047
677,-8.107141744310435e-05,-0.648652409782386,0.00012498438
2002,-8.225227791928051e-05,-0.3290502372175428,0.00024996875
1552,-8.232673249311325e-05,-0.06586962008176209,0.0012498437
837,-8.23292251982864e-05,-0.20268188785010724,0.00040619922
1905,-8.26568025670423e-05,-0.2784577282122689,0.00029683788
1256,-8.279566700991148e-05,-0.2523611939863289,0.000328084
550,-8.345727604900716e-05,-0.014476783966403409,0.0057649044
354,-8.357946664094161e-05,-0.41151957991810895,0.00020309961
416,-8.367535655302226e-05,-0.025999477083010123,0.0032183477
1378,-8.36794104761309e-05,-0.014961317966159396,0.0055930507
1350,-8.412718615168677e-05,-0.538481304679287,0.00015623047
1190,-8.505514887364055e-05,-0.019237491900427228,0.004421322
1007,-8.523811349317899e-05,-0.49599282734534145,0.00017185352
711,-8.540618939945893e-05,-0.4205138007767003,0.00020309961
884,-8.557308083326085e-05,-0.6085957261595475,0.00014060743
1163,-8.568727052764944e-05,-0.03835434186575846,0.0022340957
2612,-8.604020020481865e-05,-0.4589384448690802,0.00018747656
268,-8.621560930634724e-05,-0.4244991353743832,0.00020309961
1561,-8.664414525004644e-05,-0.037985741097620235,0.002280965
1054,-8.728492238512747e-05,-1.1173866863923714,7.8115234e-05
221,-8.737517389349617e-05,-0.0998698219174853,0.00087489065
2719,-8.774595211548886e-05,-0.10211714242444601,0.0008592676
196,-8.800382112486396e-05,-0.9388247984880873,9.373828e-05
1923,-8.81333614102221e-05,-0.20147286046622503,0.00043744533
2245,-8.904898117365425e-05,-0.5181679196604613,0.00017185352
141,-9.016567689375173e-05,-0.25092715174087826,0.0003593301
1719,-9.053196869685746e-05,-0.1182606208327699,0.0007655293
1337,-9.0748366635713e-05,-0.18737488730648388,0.00048431446
2127,-9.11188330751224e-05,-0.41659529713251464,0.00021872266
1906,-9.164752433365558e-05,-0.25505106862609994,0.0003593301
1377,-9.18350100506557e-05,-0.02684098383337613,0.0034214472
1514,-9.231846419109206e-05,-0.19061678425081477,0.00048431446
1684,-9.261587223056796e-05,-0.3120082628021325,0.00029683788
696,-9.327062284574153e-05,-0.42643327978225654,0.00021872266
2079,-9.330314466416843e-05,-0.5972147811868103,0.00015623047
168,-9.397959001519229e-05,-0.15038614317064783,0.0006249219
1829,-9.567733494764399e-05,-0.765514355523637,0.00012498438
219,-9.698049289832716e-05,-0.0766361419029663,0.0012654668
639,-9.757341286502363e-05,-0.15232875824346495,0.0006405449
1399,-9.884858238693753e-05,-0.3012904802377801,0.000328084
2650,-9.888066676801957e-05,-0.3164576927177625,0.00031246094
1170,-9.967528615035722e-05,-0.19333380717507248,0.00051556056
1218,-9.974789497351261e-05,-0.03566851068052116,0.0027965254
1716,-0.00010029063862748625,-0.35663349646969755,0.00028121486
613,-0.00010072531911415378,-0.07675269345091125,0.001312336
63,-0.00010122118477683768,-0.2816941486705472,0.0003593301
987,-0.00010134562624854507,-0.294860489293458,0.00034370704
77,-0.0001014227634159592,-0.0238671621159384,0.004249469
2645,-0.00010252633984311723,-0.9375008342268594,0.00010936133
561,-0.00010496035453241039,-0.7464780111058869,0.00014060743
1137,-0.00010582289960263481,-0.37630621569804396,0.00028121486
1896,-0.00010596859937314136,-0.040135135033345135,0.002640295
481,-0.00010684230597224807,-0.14550557634035047,0.00073428324
1443,-0.00010736771371564324,-0.2369790487541379,0.00045306838
417,-0.00010739105717300693,-0.12274797608382232,0.00087489065
2143,-0.0001074379373927706,-0.2371340445124506,0.00045306838
611,-0.00010750036842545102,-0.1764329178364795,0.0006092988
1313,-0.0001077923328605705,-0.0052388546700995195,0.020575553
539,-0.00010815360964444154,-0.15383769129222183,0.00070303713
2537,-0.00010838596199365037,-0.14760783870750432,0.00073428324
1211,-0.00010909004917232871,-0.09834698048253548,0.0011092364
1109,-0.00010936470595064165,-0.05555727082989292,0.001968504
986,-0.00010976683891800202,-0.4391222382927084,0.00024996875
2556,-0.00011021590800607245,-0.3527349995547913,0.00031246094
676,-0.00011084503617371295,-0.14781186120535011,0.00074990623
662,-0.00011122307289538336,-0.03632227886145879,0.0030621171
1065,-0.00011199242754608422,-0.013525304539362184,0.008280215
2573,-0.0001121796664888468,-0.4487747549723151,0.00024996875
1286,-0.00011223116617472188,-0.7183692638723823,0.00015623047
596,-0.00011300230275229459,-0.3013771525886024,0.00037495312
760,-0.00011345091801281474,-0.23425052996053058,0.00048431446
2592,-0.00011430646275109183,-0.30485534743405646,0.00037495312
1465,-0.00011441371532123346,-0.14083448351057118,0.00081239844
1509,-0.00011736836435259724,-0.3953955038982526,0.00029683788
1951,-0.0001178550187586214,-0.3592220985144846,0.000328084
0,-0.00012075793692135205,-0.039037748593330486,0.0030933633
1300,-0.0001214887417986319,-0.25920838506598365,0.0004686914
1511,-0.00012255486744808911,-0.32685384357469394,0.00037495312
1185,-0.00012258945380527736,-0.3566684391746089,0.00034370704
1742,-0.00012265815758169294,-0.046456230870315,0.002640295
2052,-0.00012331717530718298,-0.07893285926507222,0.0015623047
1756,-0.00012332118767556714,-0.7893542750188267,0.00015623047
1703,-0.00012345959674630027,-0.18815242614228403,0.000656168
2490,-0.00012776927969923392,-0.22717377007540676,0.0005624297
1075,-0.0001280301076325419,-0.6303808606024905,0.00020309961
384,-0.000128597907671741,-0.10830651595214935,0.0011873515
648,-0.00013010846156440872,-0.005267540918480296,0.024700038
2217,-0.000131894615303049,-0.01722920489099888,0.007655293
537,-0.00013312092539994705,-0.26627513054689245,0.0004999375
1308,-0.00013664610473936652,-0.04287472547069045,0.0031871016
1028,-0.00013801647618754233,-0.055213492484093546,0.0024996875
1004,-0.00013819283824729442,-0.3276091531962798,0.00042182227
415,-0.00013877287278653362,-0.3289842217355387,0.00042182227
708,-0.0001392738464076467,-0.020078018520463047,0.006936633
1053,-0.00013968780903430384,-0.745094800950755,0.00018747656
690,-0.00014586207389645766,-0.4243790686436798,0.00034370704
1868,-0.0001484346383859631,-0.7917503904383408,0.00018747656
246,-0.0001496951862180253,-0.2661580302819284,0.0005624297
2465,-0.00015054714890198084,-0.14170914252058345,0.0010623672
1402,-0.0001509874906521561,-0.24780532311423387,0.0006092988
767,-0.0001511231160540998,-0.32243628733476243,0.0004686914
871,-0.00015259812974738755,-1.2209376338879752,0.00012498438
2075,-0.00015276588808204767,-0.16297065290441706,0.0009373828
670,-0.00015932246944248452,-0.2614849471901515,0.0006092988
2069,-0.00015948928728104302,-0.1890479673647041,0.00084364455
714,-0.0001601059574729259,-0.1164552499865337,0.0013748282
693,-0.0001602484781296714,-0.20514369616629685,0.00078115234
2165,-0.0001604251307596486,-0.04426073906207786,0.003624547
904,-0.00016116330857926636,-0.229238685554352,0.00070303713
1219,-0.0001618370413120337,-0.016761917395883952,0.0096550435
932,-0.00016492691001310976,-0.05998091775670216,0.0027496563
669,-0.00016550697321921615,-0.12318337551001374,0.0013435821
1176,-0.00017094580908863497,-0.911824979408068,0.00018747656
498,-0.0001828771636608379,-0.5320727884732824,0.00034370704
1095,-0.0001829339086131159,-0.14107510501429937,0.0012967129
548,-0.00018343297373143408,-0.007643996234973429,0.023997
26,-0.00018385532699927018,-0.04803351663589555,0.0038276466
1369,-0.00018450246963314494,-0.013828611060290978,0.0133420825
1222,-0.00019471754078317978,-0.10473513157163766,0.0018591426
2536,-0.00019908506855275686,-0.6371518670739729,0.00031246094
1368,-0.00019965447057460563,-0.06907828917941577,0.0028902637
276,-0.000204783401017574,-0.2570152179992101,0.0007967754
1490,-0.00020808744934916064,-0.5327704697546188,0.00039057617
32,-0.0002135439530101294,-0.08437358996804466,0.0025309336
1374,-0.0002155262674881568,-0.014475765905788583,0.014888764
183,-0.00021846500045940187,-0.06956968908094432,0.0031402325
2147,-0.00022287002644858409,-0.1783183119894687,0.0012498437
1273,-0.00022502394695123696,-0.11341206271478414,0.001984127
547,-0.00022613608787144755,-0.08825926153455434,0.0025621797
1080,-0.00022818452096723743,-0.055534730957801495,0.0041088616
1623,-0.00023313865341332215,-0.016097884925562005,0.014482564
1902,-0.0002335314112545741,-0.0695250187069084,0.003358955
962,-0.00023513303680237904,-0.19051133941409087,0.0012342207
2466,-0.0002397368066077951,-0.11895406460680179,0.002015373
652,-0.00024863084493303305,-0.012010840536021906,0.020700537
214,-0.0002544502280817779,-0.13029480244771757,0.0019528809
33,-0.00026776526113628186,-0.10450682345725353,0.0025621797
535,-0.00029708292670965346,-0.02872459776059167,0.010342457
552,-0.0003007094947366791,-0.008118014784319375,0.037042245
538,-0.0003034618040236316,-0.04424597402347545,0.006858518
540,-0.00030754067580163473,-0.0064732206659367094,0.047509685
996,-0.0003226549575264316,-0.03252361860399303,0.009920635
236,-0.0003284219314748961,-0.3284629836188598,0.000999875
1298,-0.0003539935233638042,-0.13732373727752392,0.0025778029
1084,-0.00035459519498701864,-0.06447991181592955,0.0054993127
1188,-0.00035660524060403433,-0.009233651853563151,0.038620174
542,-0.0003646062676943868,-0.00402166431665784,0.09066054
1307,-0.00037133280740708736,-0.015043209183836712,0.024684414
1268,-0.00039559842830031615,-0.13989759497292661,0.0028277715
699,-0.00040570038404698795,-0.1778634864149199,0.002280965
638,-0.00042267051238364733,-0.008818218679357956,0.047931507
565,-0.00044033762106783075,-0.28469829454980955,0.0015466816
147,-0.00044487172553327734,-0.019318418528350024,0.023028372
543,-0.0005276799291835524,-0.012673822600704591,0.04163542
1309,-0.0005573636321515344,-0.015239527140276857,0.03657355
1646,-0.0006468355060055525,-0.11532770312552759,0.005608674
1312,-0.0011169245057243296,-0.013456070699728862,0.08300525
647,-0.0017959148398397006,-0.015762089230553493,0.11393888
1226,-0.003072955414070811,-0.010557902481703177,0.29105738
